Vehicle_Type,Vehicle_Route_Name,Latitude,Longitude,ID,Waypoint_ID
BUS,BOCAUE EXIT-SAPANG PALAY_2.2,14.80730240,120.94013190,TP001,BOCAUE EXIT-SAPANG PALAY_2.2_TP001
BUS,BOCAUE EXIT-SAPANG PALAY_2.2,14.80739000,120.94048000,TP002,BOCAUE EXIT-SAPANG PALAY_2.2_TP002
BUS,BOCAUE EXIT-SAPANG PALAY_2.2,14.80748000,120.94084000,TP003,BOCAUE EXIT-SAPANG PALAY_2.2_TP003
BUS,BOCAUE EXIT-SAPANG PALAY_2.2,14.80752000,120.94101000,TP004,BOCAUE EXIT-SAPANG PALAY_2.2_TP004
BUS,BOCAUE EXIT-SAPANG PALAY_2.2,14.80755000,120.94112000,TP005,BOCAUE EXIT-SAPANG PALAY_2.2_TP005
BUS,BOCAUE EXIT-SAPANG PALAY_2.2,14.80757000,120.94121000,TP006,BOCAUE EXIT-SAPANG PALAY_2.2_TP006
BUS,BOCAUE EXIT-SAPANG PALAY_2.2,14.80762000,120.94140000,TP007,BOCAUE EXIT-SAPANG PALAY_2.2_TP007
BUS,BOCAUE EXIT-SAPANG PALAY_2.2,14.80765000,120.94155000,TP008,BOCAUE EXIT-SAPANG PALAY_2.2_TP008
BUS,BOCAUE EXIT-SAPANG PALAY_2.2,14.80774000,120.94195000,TP009,BOCAUE EXIT-SAPANG PALAY_2.2_TP009
BUS,BOCAUE EXIT-SAPANG PALAY_2.2,14.80776000,120.94204000,TP010,BOCAUE EXIT-SAPANG PALAY_2.2_TP010
BUS,BOCAUE EXIT-SAPANG PALAY_2.2,14.80782000,120.94228000,TP011,BOCAUE EXIT-SAPANG PALAY_2.2_TP011
BUS,BOCAUE EXIT-SAPANG PALAY_2.2,14.80786000,120.94255000,TP012,BOCAUE EXIT-SAPANG PALAY_2.2_TP012
BUS,BOCAUE EXIT-SAPANG PALAY_2.2,14.80789000,120.94278000,TP013,BOCAUE EXIT-SAPANG PALAY_2.2_TP013
BUS,BOCAUE EXIT-SAPANG PALAY_2.2,14.80791000,120.94298000,TP014,BOCAUE EXIT-SAPANG PALAY_2.2_TP014
BUS,BOCAUE EXIT-SAPANG PALAY_2.2,14.80794000,120.94317000,TP015,BOCAUE EXIT-SAPANG PALAY_2.2_TP015
BUS,BOCAUE EXIT-SAPANG PALAY_2.2,14.80795000,120.94324000,TP016,BOCAUE EXIT-SAPANG PALAY_2.2_TP016
BUS,BOCAUE EXIT-SAPANG PALAY_2.2,14.80798000,120.94342000,TP017,BOCAUE EXIT-SAPANG PALAY_2.2_TP017
BUS,BOCAUE EXIT-SAPANG PALAY_2.2,14.80800000,120.94350000,TP018,BOCAUE EXIT-SAPANG PALAY_2.2_TP018
BUS,BOCAUE EXIT-SAPANG PALAY_2.2,14.80802000,120.94360000,TP019,BOCAUE EXIT-SAPANG PALAY_2.2_TP019
BUS,BOCAUE EXIT-SAPANG PALAY_2.2,14.80803000,120.94367000,TP020,BOCAUE EXIT-SAPANG PALAY_2.2_TP020
BUS,BOCAUE EXIT-SAPANG PALAY_2.2,14.80806000,120.94389000,TP021,BOCAUE EXIT-SAPANG PALAY_2.2_TP021
BUS,BOCAUE EXIT-SAPANG PALAY_2.2,14.80811000,120.94414000,TP022,BOCAUE EXIT-SAPANG PALAY_2.2_TP022
BUS,BOCAUE EXIT-SAPANG PALAY_2.2,14.80812000,120.94420000,TP023,BOCAUE EXIT-SAPANG PALAY_2.2_TP023
BUS,BOCAUE EXIT-SAPANG PALAY_2.2,14.80814000,120.94429000,TP024,BOCAUE EXIT-SAPANG PALAY_2.2_TP024
BUS,BOCAUE EXIT-SAPANG PALAY_2.2,14.80816000,120.94439000,TP025,BOCAUE EXIT-SAPANG PALAY_2.2_TP025
BUS,BOCAUE EXIT-SAPANG PALAY_2.2,14.80824000,120.94491000,TP026,BOCAUE EXIT-SAPANG PALAY_2.2_TP026
BUS,BOCAUE EXIT-SAPANG PALAY_2.2,14.80825000,120.94502000,TP027,BOCAUE EXIT-SAPANG PALAY_2.2_TP027
BUS,BOCAUE EXIT-SAPANG PALAY_2.2,14.80828000,120.94514000,TP028,BOCAUE EXIT-SAPANG PALAY_2.2_TP028
BUS,BOCAUE EXIT-SAPANG PALAY_2.2,14.80829000,120.94521000,TP029,BOCAUE EXIT-SAPANG PALAY_2.2_TP029
BUS,BOCAUE EXIT-SAPANG PALAY_2.2,14.80832000,120.94534000,TP030,BOCAUE EXIT-SAPANG PALAY_2.2_TP030
BUS,BOCAUE EXIT-SAPANG PALAY_2.2,14.80832000,120.94539000,TP031,BOCAUE EXIT-SAPANG PALAY_2.2_TP031
BUS,BOCAUE EXIT-SAPANG PALAY_2.2,14.80834000,120.94548000,TP032,BOCAUE EXIT-SAPANG PALAY_2.2_TP032
BUS,BOCAUE EXIT-SAPANG PALAY_2.2,14.80840000,120.94579000,TP033,BOCAUE EXIT-SAPANG PALAY_2.2_TP033
BUS,BOCAUE EXIT-SAPANG PALAY_2.2,14.80845000,120.94604000,TP034,BOCAUE EXIT-SAPANG PALAY_2.2_TP034
BUS,BOCAUE EXIT-SAPANG PALAY_2.2,14.80847000,120.94611000,TP035,BOCAUE EXIT-SAPANG PALAY_2.2_TP035
BUS,BOCAUE EXIT-SAPANG PALAY_2.2,14.80849000,120.94617000,TP036,BOCAUE EXIT-SAPANG PALAY_2.2_TP036
BUS,BOCAUE EXIT-SAPANG PALAY_2.2,14.80853000,120.94628000,TP037,BOCAUE EXIT-SAPANG PALAY_2.2_TP037
BUS,BOCAUE EXIT-SAPANG PALAY_2.2,14.80855000,120.94630000,TP038,BOCAUE EXIT-SAPANG PALAY_2.2_TP038
BUS,BOCAUE EXIT-SAPANG PALAY_2.2,14.80862000,120.94641000,TP039,BOCAUE EXIT-SAPANG PALAY_2.2_TP039
BUS,BOCAUE EXIT-SAPANG PALAY_2.2,14.80878000,120.94662000,TP040,BOCAUE EXIT-SAPANG PALAY_2.2_TP040
BUS,BOCAUE EXIT-SAPANG PALAY_2.2,14.80893000,120.94675000,TP041,BOCAUE EXIT-SAPANG PALAY_2.2_TP041
BUS,BOCAUE EXIT-SAPANG PALAY_2.2,14.80934000,120.94707000,TP042,BOCAUE EXIT-SAPANG PALAY_2.2_TP042
BUS,BOCAUE EXIT-SAPANG PALAY_2.2,14.80945000,120.94715000,TP043,BOCAUE EXIT-SAPANG PALAY_2.2_TP043
BUS,BOCAUE EXIT-SAPANG PALAY_2.2,14.80974000,120.94735000,TP044,BOCAUE EXIT-SAPANG PALAY_2.2_TP044
BUS,BOCAUE EXIT-SAPANG PALAY_2.2,14.80993000,120.94746000,TP045,BOCAUE EXIT-SAPANG PALAY_2.2_TP045
BUS,BOCAUE EXIT-SAPANG PALAY_2.2,14.81015000,120.94760000,TP046,BOCAUE EXIT-SAPANG PALAY_2.2_TP046
BUS,BOCAUE EXIT-SAPANG PALAY_2.2,14.81063000,120.94789000,TP047,BOCAUE EXIT-SAPANG PALAY_2.2_TP047
BUS,BOCAUE EXIT-SAPANG PALAY_2.2,14.81075000,120.94796000,TP048,BOCAUE EXIT-SAPANG PALAY_2.2_TP048
BUS,BOCAUE EXIT-SAPANG PALAY_2.2,14.81101000,120.94810000,TP049,BOCAUE EXIT-SAPANG PALAY_2.2_TP049
BUS,BOCAUE EXIT-SAPANG PALAY_2.2,14.81163000,120.94840000,TP050,BOCAUE EXIT-SAPANG PALAY_2.2_TP050
BUS,BOCAUE EXIT-SAPANG PALAY_2.2,14.81194000,120.94854000,TP051,BOCAUE EXIT-SAPANG PALAY_2.2_TP051
BUS,BOCAUE EXIT-SAPANG PALAY_2.2,14.81207000,120.94859000,TP052,BOCAUE EXIT-SAPANG PALAY_2.2_TP052
BUS,BOCAUE EXIT-SAPANG PALAY_2.2,14.81243000,120.94876000,TP053,BOCAUE EXIT-SAPANG PALAY_2.2_TP053
BUS,BOCAUE EXIT-SAPANG PALAY_2.2,14.81280000,120.94891000,TP054,BOCAUE EXIT-SAPANG PALAY_2.2_TP054
BUS,BOCAUE EXIT-SAPANG PALAY_2.2,14.81280400,120.94891290,TP055,BOCAUE EXIT-SAPANG PALAY_2.2_TP055
BUS,BOCAUE EXIT-SAPANG PALAY_2.2,14.81289000,120.94889000,TP056,BOCAUE EXIT-SAPANG PALAY_2.2_TP056
BUS,BOCAUE EXIT-SAPANG PALAY_2.2,14.81294000,120.94888000,TP057,BOCAUE EXIT-SAPANG PALAY_2.2_TP057
BUS,BOCAUE EXIT-SAPANG PALAY_2.2,14.81299000,120.94888000,TP058,BOCAUE EXIT-SAPANG PALAY_2.2_TP058
BUS,BOCAUE EXIT-SAPANG PALAY_2.2,14.81343000,120.94887000,TP059,BOCAUE EXIT-SAPANG PALAY_2.2_TP059
BUS,BOCAUE EXIT-SAPANG PALAY_2.2,14.81425000,120.94882000,TP060,BOCAUE EXIT-SAPANG PALAY_2.2_TP060
BUS,BOCAUE EXIT-SAPANG PALAY_2.2,14.81518000,120.94877000,TP061,BOCAUE EXIT-SAPANG PALAY_2.2_TP061
BUS,BOCAUE EXIT-SAPANG PALAY_2.2,14.81603000,120.94872000,TP062,BOCAUE EXIT-SAPANG PALAY_2.2_TP062
BUS,BOCAUE EXIT-SAPANG PALAY_2.2,14.81612000,120.94871000,TP063,BOCAUE EXIT-SAPANG PALAY_2.2_TP063
BUS,BOCAUE EXIT-SAPANG PALAY_2.2,14.81620000,120.94871000,TP064,BOCAUE EXIT-SAPANG PALAY_2.2_TP064
BUS,BOCAUE EXIT-SAPANG PALAY_2.2,14.81638000,120.94871000,TP065,BOCAUE EXIT-SAPANG PALAY_2.2_TP065
BUS,BOCAUE EXIT-SAPANG PALAY_2.2,14.81649000,120.94872000,TP066,BOCAUE EXIT-SAPANG PALAY_2.2_TP066
BUS,BOCAUE EXIT-SAPANG PALAY_2.2,14.81663000,120.94873000,TP067,BOCAUE EXIT-SAPANG PALAY_2.2_TP067
BUS,BOCAUE EXIT-SAPANG PALAY_2.2,14.81675000,120.94876000,TP068,BOCAUE EXIT-SAPANG PALAY_2.2_TP068
BUS,BOCAUE EXIT-SAPANG PALAY_2.2,14.81689000,120.94881000,TP069,BOCAUE EXIT-SAPANG PALAY_2.2_TP069
BUS,BOCAUE EXIT-SAPANG PALAY_2.2,14.81700000,120.94885000,TP070,BOCAUE EXIT-SAPANG PALAY_2.2_TP070
BUS,BOCAUE EXIT-SAPANG PALAY_2.2,14.81706000,120.94889000,TP071,BOCAUE EXIT-SAPANG PALAY_2.2_TP071
BUS,BOCAUE EXIT-SAPANG PALAY_2.2,14.81711000,120.94892000,TP072,BOCAUE EXIT-SAPANG PALAY_2.2_TP072
BUS,BOCAUE EXIT-SAPANG PALAY_2.2,14.81720000,120.94899000,TP073,BOCAUE EXIT-SAPANG PALAY_2.2_TP073
BUS,BOCAUE EXIT-SAPANG PALAY_2.2,14.81721000,120.94899000,TP074,BOCAUE EXIT-SAPANG PALAY_2.2_TP074
BUS,BOCAUE EXIT-SAPANG PALAY_2.2,14.81738000,120.94911000,TP075,BOCAUE EXIT-SAPANG PALAY_2.2_TP075
BUS,BOCAUE EXIT-SAPANG PALAY_2.2,14.81747000,120.94918000,TP076,BOCAUE EXIT-SAPANG PALAY_2.2_TP076
BUS,BOCAUE EXIT-SAPANG PALAY_2.2,14.81753000,120.94922000,TP077,BOCAUE EXIT-SAPANG PALAY_2.2_TP077
BUS,BOCAUE EXIT-SAPANG PALAY_2.2,14.81787000,120.94950000,TP078,BOCAUE EXIT-SAPANG PALAY_2.2_TP078
BUS,BOCAUE EXIT-SAPANG PALAY_2.2,14.81842000,120.94994000,TP079,BOCAUE EXIT-SAPANG PALAY_2.2_TP079
BUS,BOCAUE EXIT-SAPANG PALAY_2.2,14.81852000,120.95002000,TP080,BOCAUE EXIT-SAPANG PALAY_2.2_TP080
BUS,BOCAUE EXIT-SAPANG PALAY_2.2,14.81864000,120.95013000,TP081,BOCAUE EXIT-SAPANG PALAY_2.2_TP081
BUS,BOCAUE EXIT-SAPANG PALAY_2.2,14.81876000,120.95023000,TP082,BOCAUE EXIT-SAPANG PALAY_2.2_TP082
BUS,BOCAUE EXIT-SAPANG PALAY_2.2,14.81890000,120.95034000,TP083,BOCAUE EXIT-SAPANG PALAY_2.2_TP083
BUS,BOCAUE EXIT-SAPANG PALAY_2.2,14.82004000,120.95125000,TP084,BOCAUE EXIT-SAPANG PALAY_2.2_TP084
BUS,BOCAUE EXIT-SAPANG PALAY_2.2,14.82044000,120.95156000,TP085,BOCAUE EXIT-SAPANG PALAY_2.2_TP085
BUS,BOCAUE EXIT-SAPANG PALAY_2.2,14.82084000,120.95191000,TP086,BOCAUE EXIT-SAPANG PALAY_2.2_TP086
BUS,BOCAUE EXIT-SAPANG PALAY_2.2,14.82091000,120.95196000,TP087,BOCAUE EXIT-SAPANG PALAY_2.2_TP087
BUS,BOCAUE EXIT-SAPANG PALAY_2.2,14.82106000,120.95208000,TP088,BOCAUE EXIT-SAPANG PALAY_2.2_TP088
BUS,BOCAUE EXIT-SAPANG PALAY_2.2,14.82157000,120.95253000,TP089,BOCAUE EXIT-SAPANG PALAY_2.2_TP089
BUS,BOCAUE EXIT-SAPANG PALAY_2.2,14.82209000,120.95296000,TP090,BOCAUE EXIT-SAPANG PALAY_2.2_TP090
BUS,BOCAUE EXIT-SAPANG PALAY_2.2,14.82213000,120.95299000,TP091,BOCAUE EXIT-SAPANG PALAY_2.2_TP091
BUS,BOCAUE EXIT-SAPANG PALAY_2.2,14.82224000,120.95308000,TP092,BOCAUE EXIT-SAPANG PALAY_2.2_TP092
BUS,BOCAUE EXIT-SAPANG PALAY_2.2,14.82253000,120.95333000,TP093,BOCAUE EXIT-SAPANG PALAY_2.2_TP093
BUS,BOCAUE EXIT-SAPANG PALAY_2.2,14.82276000,120.95350000,TP094,BOCAUE EXIT-SAPANG PALAY_2.2_TP094
BUS,BOCAUE EXIT-SAPANG PALAY_2.2,14.82283000,120.95356000,TP095,BOCAUE EXIT-SAPANG PALAY_2.2_TP095
BUS,BOCAUE EXIT-SAPANG PALAY_2.2,14.82297000,120.95367000,TP096,BOCAUE EXIT-SAPANG PALAY_2.2_TP096
BUS,BOCAUE EXIT-SAPANG PALAY_2.2,14.82307000,120.95375000,TP097,BOCAUE EXIT-SAPANG PALAY_2.2_TP097
BUS,BOCAUE EXIT-SAPANG PALAY_2.2,14.82356000,120.95417000,TP098,BOCAUE EXIT-SAPANG PALAY_2.2_TP098
BUS,BOCAUE EXIT-SAPANG PALAY_2.2,14.82419000,120.95469000,TP099,BOCAUE EXIT-SAPANG PALAY_2.2_TP099
BUS,BOCAUE EXIT-SAPANG PALAY_2.2,14.82474000,120.95514000,TP100,BOCAUE EXIT-SAPANG PALAY_2.2_TP100
BUS,BOCAUE EXIT-SAPANG PALAY_2.2,14.82488000,120.95525000,TP101,BOCAUE EXIT-SAPANG PALAY_2.2_TP101
BUS,BOCAUE EXIT-SAPANG PALAY_2.2,14.82565000,120.95589000,TP102,BOCAUE EXIT-SAPANG PALAY_2.2_TP102
BUS,BOCAUE EXIT-SAPANG PALAY_2.2,14.82619000,120.95632000,TP103,BOCAUE EXIT-SAPANG PALAY_2.2_TP103
BUS,BOCAUE EXIT-SAPANG PALAY_2.2,14.82628000,120.95641000,TP104,BOCAUE EXIT-SAPANG PALAY_2.2_TP104
BUS,BOCAUE EXIT-SAPANG PALAY_2.2,14.82699000,120.95710000,TP105,BOCAUE EXIT-SAPANG PALAY_2.2_TP105
BUS,BOCAUE EXIT-SAPANG PALAY_2.2,14.82726000,120.95741000,TP106,BOCAUE EXIT-SAPANG PALAY_2.2_TP106
BUS,BOCAUE EXIT-SAPANG PALAY_2.2,14.82769000,120.95791000,TP107,BOCAUE EXIT-SAPANG PALAY_2.2_TP107
BUS,BOCAUE EXIT-SAPANG PALAY_2.2,14.82781000,120.95808000,TP108,BOCAUE EXIT-SAPANG PALAY_2.2_TP108
BUS,BOCAUE EXIT-SAPANG PALAY_2.2,14.82797000,120.95830000,TP109,BOCAUE EXIT-SAPANG PALAY_2.2_TP109
BUS,BOCAUE EXIT-SAPANG PALAY_2.2,14.82806000,120.95842000,TP110,BOCAUE EXIT-SAPANG PALAY_2.2_TP110
BUS,BOCAUE EXIT-SAPANG PALAY_2.2,14.82822000,120.95865000,TP111,BOCAUE EXIT-SAPANG PALAY_2.2_TP111
BUS,BOCAUE EXIT-SAPANG PALAY_2.2,14.82829000,120.95878000,TP112,BOCAUE EXIT-SAPANG PALAY_2.2_TP112
BUS,BOCAUE EXIT-SAPANG PALAY_2.2,14.82866000,120.95939000,TP113,BOCAUE EXIT-SAPANG PALAY_2.2_TP113
BUS,BOCAUE EXIT-SAPANG PALAY_2.2,14.82893000,120.95993000,TP114,BOCAUE EXIT-SAPANG PALAY_2.2_TP114
BUS,BOCAUE EXIT-SAPANG PALAY_2.2,14.82901000,120.96011000,TP115,BOCAUE EXIT-SAPANG PALAY_2.2_TP115
BUS,BOCAUE EXIT-SAPANG PALAY_2.2,14.82954000,120.96127000,TP116,BOCAUE EXIT-SAPANG PALAY_2.2_TP116
BUS,BOCAUE EXIT-SAPANG PALAY_2.2,14.82978000,120.96178000,TP117,BOCAUE EXIT-SAPANG PALAY_2.2_TP117
BUS,BOCAUE EXIT-SAPANG PALAY_2.2,14.82988000,120.96200000,TP118,BOCAUE EXIT-SAPANG PALAY_2.2_TP118
BUS,BOCAUE EXIT-SAPANG PALAY_2.2,14.82999000,120.96225000,TP119,BOCAUE EXIT-SAPANG PALAY_2.2_TP119
BUS,BOCAUE EXIT-SAPANG PALAY_2.2,14.83030000,120.96293000,TP120,BOCAUE EXIT-SAPANG PALAY_2.2_TP120
BUS,BOCAUE EXIT-SAPANG PALAY_2.2,14.83035000,120.96304000,TP121,BOCAUE EXIT-SAPANG PALAY_2.2_TP121
BUS,BOCAUE EXIT-SAPANG PALAY_2.2,14.83062000,120.96362000,TP122,BOCAUE EXIT-SAPANG PALAY_2.2_TP122
BUS,BOCAUE EXIT-SAPANG PALAY_2.2,14.83069000,120.96380000,TP123,BOCAUE EXIT-SAPANG PALAY_2.2_TP123
BUS,BOCAUE EXIT-SAPANG PALAY_2.2,14.83089000,120.96423000,TP124,BOCAUE EXIT-SAPANG PALAY_2.2_TP124
BUS,BOCAUE EXIT-SAPANG PALAY_2.2,14.83097000,120.96440000,TP125,BOCAUE EXIT-SAPANG PALAY_2.2_TP125
BUS,BOCAUE EXIT-SAPANG PALAY_2.2,14.83148000,120.96552000,TP126,BOCAUE EXIT-SAPANG PALAY_2.2_TP126
BUS,BOCAUE EXIT-SAPANG PALAY_2.2,14.83166000,120.96591000,TP127,BOCAUE EXIT-SAPANG PALAY_2.2_TP127
BUS,BOCAUE EXIT-SAPANG PALAY_2.2,14.83230000,120.96727000,TP128,BOCAUE EXIT-SAPANG PALAY_2.2_TP128
BUS,BOCAUE EXIT-SAPANG PALAY_2.2,14.83258000,120.96794000,TP129,BOCAUE EXIT-SAPANG PALAY_2.2_TP129
BUS,BOCAUE EXIT-SAPANG PALAY_2.2,14.83311000,120.96907000,TP130,BOCAUE EXIT-SAPANG PALAY_2.2_TP130
BUS,BOCAUE EXIT-SAPANG PALAY_2.2,14.83334000,120.96956000,TP131,BOCAUE EXIT-SAPANG PALAY_2.2_TP131
BUS,BOCAUE EXIT-SAPANG PALAY_2.2,14.83338000,120.96964000,TP132,BOCAUE EXIT-SAPANG PALAY_2.2_TP132
BUS,BOCAUE EXIT-SAPANG PALAY_2.2,14.83344000,120.96977000,TP133,BOCAUE EXIT-SAPANG PALAY_2.2_TP133
BUS,BOCAUE EXIT-SAPANG PALAY_2.2,14.83362000,120.97014000,TP134,BOCAUE EXIT-SAPANG PALAY_2.2_TP134
BUS,BOCAUE EXIT-SAPANG PALAY_2.2,14.83375000,120.97045000,TP135,BOCAUE EXIT-SAPANG PALAY_2.2_TP135
BUS,BOCAUE EXIT-SAPANG PALAY_2.2,14.83387000,120.97072000,TP136,BOCAUE EXIT-SAPANG PALAY_2.2_TP136
BUS,BOCAUE EXIT-SAPANG PALAY_2.2,14.83428000,120.97162000,TP137,BOCAUE EXIT-SAPANG PALAY_2.2_TP137
BUS,BOCAUE EXIT-SAPANG PALAY_2.2,14.83435000,120.97179000,TP138,BOCAUE EXIT-SAPANG PALAY_2.2_TP138
BUS,BOCAUE EXIT-SAPANG PALAY_2.2,14.83466000,120.97246000,TP139,BOCAUE EXIT-SAPANG PALAY_2.2_TP139
BUS,BOCAUE EXIT-SAPANG PALAY_2.2,14.83525000,120.97378000,TP140,BOCAUE EXIT-SAPANG PALAY_2.2_TP140
BUS,BOCAUE EXIT-SAPANG PALAY_2.2,14.83527000,120.97381000,TP141,BOCAUE EXIT-SAPANG PALAY_2.2_TP141
BUS,BOCAUE EXIT-SAPANG PALAY_2.2,14.83532000,120.97391000,TP142,BOCAUE EXIT-SAPANG PALAY_2.2_TP142
BUS,BOCAUE EXIT-SAPANG PALAY_2.2,14.83537000,120.97403000,TP143,BOCAUE EXIT-SAPANG PALAY_2.2_TP143
BUS,BOCAUE EXIT-SAPANG PALAY_2.2,14.83562000,120.97457000,TP144,BOCAUE EXIT-SAPANG PALAY_2.2_TP144
BUS,BOCAUE EXIT-SAPANG PALAY_2.2,14.83571000,120.97479000,TP145,BOCAUE EXIT-SAPANG PALAY_2.2_TP145
BUS,BOCAUE EXIT-SAPANG PALAY_2.2,14.83577000,120.97489000,TP146,BOCAUE EXIT-SAPANG PALAY_2.2_TP146
BUS,BOCAUE EXIT-SAPANG PALAY_2.2,14.83611000,120.97565000,TP147,BOCAUE EXIT-SAPANG PALAY_2.2_TP147
BUS,BOCAUE EXIT-SAPANG PALAY_2.2,14.83613000,120.97569000,TP148,BOCAUE EXIT-SAPANG PALAY_2.2_TP148
BUS,BOCAUE EXIT-SAPANG PALAY_2.2,14.83642000,120.97649000,TP149,BOCAUE EXIT-SAPANG PALAY_2.2_TP149
BUS,BOCAUE EXIT-SAPANG PALAY_2.2,14.83633000,120.97656000,TP150,BOCAUE EXIT-SAPANG PALAY_2.2_TP150
BUS,BOCAUE EXIT-SAPANG PALAY_2.2,14.83624000,120.97662000,TP151,BOCAUE EXIT-SAPANG PALAY_2.2_TP151
BUS,BOCAUE EXIT-SAPANG PALAY_2.2,14.83623810,120.97662040,TP152,BOCAUE EXIT-SAPANG PALAY_2.2_TP152
BUS,BOCAUE EXIT-SAPANG PALAY_2.2,14.83599000,120.97645000,TP153,BOCAUE EXIT-SAPANG PALAY_2.2_TP153
BUS,BOCAUE EXIT-SAPANG PALAY_2.2,14.83564000,120.97620000,TP154,BOCAUE EXIT-SAPANG PALAY_2.2_TP154
BUS,BOCAUE EXIT-SAPANG PALAY_2.2,14.83542000,120.97608000,TP155,BOCAUE EXIT-SAPANG PALAY_2.2_TP155
BUS,BOCAUE EXIT-SAPANG PALAY_2.2,14.83520000,120.97600000,TP156,BOCAUE EXIT-SAPANG PALAY_2.2_TP156
BUS,BOCAUE EXIT-SAPANG PALAY_2.2,14.83503000,120.97593000,TP157,BOCAUE EXIT-SAPANG PALAY_2.2_TP157
BUS,BOCAUE EXIT-SAPANG PALAY_2.2,14.83489000,120.97588000,TP158,BOCAUE EXIT-SAPANG PALAY_2.2_TP158
BUS,BOCAUE EXIT-SAPANG PALAY_2.2,14.83452000,120.97573000,TP159,BOCAUE EXIT-SAPANG PALAY_2.2_TP159
BUS,BOCAUE EXIT-SAPANG PALAY_2.2,14.83445000,120.97565000,TP160,BOCAUE EXIT-SAPANG PALAY_2.2_TP160
BUS,BOCAUE EXIT-SAPANG PALAY_2.2,14.83436000,120.97559000,TP161,BOCAUE EXIT-SAPANG PALAY_2.2_TP161
BUS,BOCAUE EXIT-SAPANG PALAY_2.2,14.83387000,120.97525000,TP162,BOCAUE EXIT-SAPANG PALAY_2.2_TP162
BUS,BOCAUE EXIT-SAPANG PALAY_2.2,14.83368000,120.97510000,TP163,BOCAUE EXIT-SAPANG PALAY_2.2_TP163
BUS,BOCAUE EXIT-SAPANG PALAY_2.2,14.83258000,120.97435000,TP164,BOCAUE EXIT-SAPANG PALAY_2.2_TP164
BUS,BOCAUE EXIT-SAPANG PALAY_2.2,14.83209000,120.97400000,TP165,BOCAUE EXIT-SAPANG PALAY_2.2_TP165
BUS,BOCAUE EXIT-SAPANG PALAY_2.2,14.83168000,120.97372000,TP166,BOCAUE EXIT-SAPANG PALAY_2.2_TP166
BUS,BOCAUE EXIT-SAPANG PALAY_2.2,14.83049000,120.97291000,TP167,BOCAUE EXIT-SAPANG PALAY_2.2_TP167
BUS,BOCAUE EXIT-SAPANG PALAY_2.2,14.83016000,120.97267000,TP168,BOCAUE EXIT-SAPANG PALAY_2.2_TP168
BUS,BOCAUE EXIT-SAPANG PALAY_2.2,14.82997000,120.97253000,TP169,BOCAUE EXIT-SAPANG PALAY_2.2_TP169
BUS,BOCAUE EXIT-SAPANG PALAY_2.2,14.82920000,120.97199000,TP170,BOCAUE EXIT-SAPANG PALAY_2.2_TP170
BUS,BOCAUE EXIT-SAPANG PALAY_2.2,14.82771000,120.97099000,TP171,BOCAUE EXIT-SAPANG PALAY_2.2_TP171
BUS,BOCAUE EXIT-SAPANG PALAY_2.2,14.82731000,120.97071000,TP172,BOCAUE EXIT-SAPANG PALAY_2.2_TP172
BUS,BOCAUE EXIT-SAPANG PALAY_2.2,14.82711000,120.97057000,TP173,BOCAUE EXIT-SAPANG PALAY_2.2_TP173
BUS,BOCAUE EXIT-SAPANG PALAY_2.2,14.82679000,120.97032000,TP174,BOCAUE EXIT-SAPANG PALAY_2.2_TP174
BUS,BOCAUE EXIT-SAPANG PALAY_2.2,14.82598000,120.96977000,TP175,BOCAUE EXIT-SAPANG PALAY_2.2_TP175
BUS,BOCAUE EXIT-SAPANG PALAY_2.2,14.82562000,120.96950000,TP176,BOCAUE EXIT-SAPANG PALAY_2.2_TP176
BUS,BOCAUE EXIT-SAPANG PALAY_2.2,14.82546000,120.96940000,TP177,BOCAUE EXIT-SAPANG PALAY_2.2_TP177
BUS,BOCAUE EXIT-SAPANG PALAY_2.2,14.82546230,120.96939530,TP178,BOCAUE EXIT-SAPANG PALAY_2.2_TP178
BUS,BOCAUE EXIT-SAPANG PALAY_2.2,14.82535000,120.96955000,TP179,BOCAUE EXIT-SAPANG PALAY_2.2_TP179
BUS,BOCAUE EXIT-SAPANG PALAY_2.2,14.82526000,120.96966000,TP180,BOCAUE EXIT-SAPANG PALAY_2.2_TP180
BUS,BOCAUE EXIT-SAPANG PALAY_2.2,14.82518000,120.96976000,TP181,BOCAUE EXIT-SAPANG PALAY_2.2_TP181
BUS,BOCAUE EXIT-SAPANG PALAY_2.2,14.82511000,120.96981000,TP182,BOCAUE EXIT-SAPANG PALAY_2.2_TP182
BUS,BOCAUE EXIT-SAPANG PALAY_2.2,14.82505000,120.96983000,TP183,BOCAUE EXIT-SAPANG PALAY_2.2_TP183
BUS,BOCAUE EXIT-SAPANG PALAY_2.2,14.82484000,120.96990000,TP184,BOCAUE EXIT-SAPANG PALAY_2.2_TP184
BUS,BOCAUE EXIT-SAPANG PALAY_2.2,14.82453000,120.96996000,TP185,BOCAUE EXIT-SAPANG PALAY_2.2_TP185
BUS,BOCAUE EXIT-SAPANG PALAY_2.2,14.82447000,120.96998000,TP186,BOCAUE EXIT-SAPANG PALAY_2.2_TP186
BUS,BOCAUE EXIT-SAPANG PALAY_2.2,14.82333000,120.97029000,TP187,BOCAUE EXIT-SAPANG PALAY_2.2_TP187
BUS,BOCAUE EXIT-SAPANG PALAY_2.2,14.82333330,120.97028880,TP188,BOCAUE EXIT-SAPANG PALAY_2.2_TP188
BUS,BOCAUE EXIT-SAPANG PALAY_2.2,14.82336000,120.97042000,TP189,BOCAUE EXIT-SAPANG PALAY_2.2_TP189
BUS,BOCAUE EXIT-SAPANG PALAY_2.2,14.82348000,120.97069000,TP190,BOCAUE EXIT-SAPANG PALAY_2.2_TP190
BUS,BOCAUE EXIT-SAPANG PALAY_2.2,14.82369000,120.97099000,TP191,BOCAUE EXIT-SAPANG PALAY_2.2_TP191
BUS,BOCAUE EXIT-SAPANG PALAY_2.2,14.82376000,120.97111000,TP192,BOCAUE EXIT-SAPANG PALAY_2.2_TP192
BUS,BOCAUE EXIT-SAPANG PALAY_2.2,14.82382000,120.97123000,TP193,BOCAUE EXIT-SAPANG PALAY_2.2_TP193
BUS,BOCAUE EXIT-SAPANG PALAY_2.2,14.82387000,120.97132000,TP194,BOCAUE EXIT-SAPANG PALAY_2.2_TP194
BUS,BOCAUE EXIT-SAPANG PALAY_2.2,14.82395000,120.97146000,TP195,BOCAUE EXIT-SAPANG PALAY_2.2_TP195
BUS,BOCAUE EXIT-SAPANG PALAY_2.2,14.82397000,120.97152000,TP196,BOCAUE EXIT-SAPANG PALAY_2.2_TP196
BUS,BOCAUE EXIT-SAPANG PALAY_2.2,14.82405000,120.97173000,TP197,BOCAUE EXIT-SAPANG PALAY_2.2_TP197
BUS,BOCAUE EXIT-SAPANG PALAY_2.2,14.82423000,120.97213000,TP198,BOCAUE EXIT-SAPANG PALAY_2.2_TP198
BUS,BOCAUE EXIT-SAPANG PALAY_2.2,14.82436000,120.97236000,TP199,BOCAUE EXIT-SAPANG PALAY_2.2_TP199
BUS,BOCAUE EXIT-SAPANG PALAY_2.2,14.82450000,120.97265000,TP200,BOCAUE EXIT-SAPANG PALAY_2.2_TP200
BUS,BOCAUE EXIT-SAPANG PALAY_2.2,14.82455000,120.97274000,TP201,BOCAUE EXIT-SAPANG PALAY_2.2_TP201
BUS,BOCAUE EXIT-SAPANG PALAY_2.2,14.82464000,120.97290000,TP202,BOCAUE EXIT-SAPANG PALAY_2.2_TP202
BUS,BOCAUE EXIT-SAPANG PALAY_2.2,14.82492000,120.97338000,TP203,BOCAUE EXIT-SAPANG PALAY_2.2_TP203
BUS,BOCAUE EXIT-SAPANG PALAY_2.2,14.82498000,120.97362000,TP204,BOCAUE EXIT-SAPANG PALAY_2.2_TP204
BUS,BOCAUE EXIT-SAPANG PALAY_2.2,14.82500000,120.97367000,TP205,BOCAUE EXIT-SAPANG PALAY_2.2_TP205
BUS,BOCAUE EXIT-SAPANG PALAY_2.2,14.82501000,120.97379000,TP206,BOCAUE EXIT-SAPANG PALAY_2.2_TP206
BUS,BOCAUE EXIT-SAPANG PALAY_2.2,14.82501000,120.97419000,TP207,BOCAUE EXIT-SAPANG PALAY_2.2_TP207
BUS,BOCAUE EXIT-SAPANG PALAY_2.2,14.82502000,120.97426000,TP208,BOCAUE EXIT-SAPANG PALAY_2.2_TP208
BUS,BOCAUE EXIT-SAPANG PALAY_2.2,14.82504000,120.97436000,TP209,BOCAUE EXIT-SAPANG PALAY_2.2_TP209
BUS,BOCAUE EXIT-SAPANG PALAY_2.2,14.82508000,120.97450000,TP210,BOCAUE EXIT-SAPANG PALAY_2.2_TP210
BUS,BOCAUE EXIT-SAPANG PALAY_2.2,14.82518000,120.97468000,TP211,BOCAUE EXIT-SAPANG PALAY_2.2_TP211
BUS,BOCAUE EXIT-SAPANG PALAY_2.2,14.82533000,120.97483000,TP212,BOCAUE EXIT-SAPANG PALAY_2.2_TP212
BUS,BOCAUE EXIT-SAPANG PALAY_2.2,14.82558000,120.97509000,TP213,BOCAUE EXIT-SAPANG PALAY_2.2_TP213
BUS,BOCAUE EXIT-SAPANG PALAY_2.2,14.82568000,120.97519000,TP214,BOCAUE EXIT-SAPANG PALAY_2.2_TP214
BUS,BOCAUE EXIT-SAPANG PALAY_2.2,14.82579000,120.97529000,TP215,BOCAUE EXIT-SAPANG PALAY_2.2_TP215
BUS,BOCAUE EXIT-SAPANG PALAY_2.2,14.82589000,120.97540000,TP216,BOCAUE EXIT-SAPANG PALAY_2.2_TP216
BUS,BOCAUE EXIT-SAPANG PALAY_2.2,14.82601000,120.97558000,TP217,BOCAUE EXIT-SAPANG PALAY_2.2_TP217
BUS,BOCAUE EXIT-SAPANG PALAY_2.2,14.82610000,120.97582000,TP218,BOCAUE EXIT-SAPANG PALAY_2.2_TP218
BUS,BOCAUE EXIT-SAPANG PALAY_2.2,14.82626000,120.97633000,TP219,BOCAUE EXIT-SAPANG PALAY_2.2_TP219
BUS,BOCAUE EXIT-SAPANG PALAY_2.2,14.82629000,120.97641000,TP220,BOCAUE EXIT-SAPANG PALAY_2.2_TP220
BUS,BOCAUE EXIT-SAPANG PALAY_2.2,14.82633000,120.97659000,TP221,BOCAUE EXIT-SAPANG PALAY_2.2_TP221
BUS,BOCAUE EXIT-SAPANG PALAY_2.2,14.82637000,120.97673000,TP222,BOCAUE EXIT-SAPANG PALAY_2.2_TP222
BUS,BOCAUE EXIT-SAPANG PALAY_2.2,14.82643000,120.97689000,TP223,BOCAUE EXIT-SAPANG PALAY_2.2_TP223
BUS,BOCAUE EXIT-SAPANG PALAY_2.2,14.82656000,120.97733000,TP224,BOCAUE EXIT-SAPANG PALAY_2.2_TP224
BUS,BOCAUE EXIT-SAPANG PALAY_2.2,14.82663000,120.97754000,TP225,BOCAUE EXIT-SAPANG PALAY_2.2_TP225
BUS,BOCAUE EXIT-SAPANG PALAY_2.2,14.82669000,120.97806000,TP226,BOCAUE EXIT-SAPANG PALAY_2.2_TP226
BUS,BOCAUE EXIT-SAPANG PALAY_2.2,14.82672000,120.97862000,TP227,BOCAUE EXIT-SAPANG PALAY_2.2_TP227
BUS,BOCAUE EXIT-SAPANG PALAY_2.2,14.82670000,120.97911000,TP228,BOCAUE EXIT-SAPANG PALAY_2.2_TP228
BUS,BOCAUE EXIT-SAPANG PALAY_2.2,14.82669000,120.97933000,TP229,BOCAUE EXIT-SAPANG PALAY_2.2_TP229
BUS,BOCAUE EXIT-SAPANG PALAY_2.2,14.82662000,120.97973000,TP230,BOCAUE EXIT-SAPANG PALAY_2.2_TP230
BUS,BOCAUE EXIT-SAPANG PALAY_2.2,14.82653000,120.98014000,TP231,BOCAUE EXIT-SAPANG PALAY_2.2_TP231
BUS,BOCAUE EXIT-SAPANG PALAY_2.2,14.82636000,120.98060000,TP232,BOCAUE EXIT-SAPANG PALAY_2.2_TP232
BUS,BOCAUE EXIT-SAPANG PALAY_2.2,14.82630000,120.98085000,TP233,BOCAUE EXIT-SAPANG PALAY_2.2_TP233
BUS,BOCAUE EXIT-SAPANG PALAY_2.2,14.82628000,120.98088000,TP234,BOCAUE EXIT-SAPANG PALAY_2.2_TP234
BUS,BOCAUE EXIT-SAPANG PALAY_2.2,14.82622000,120.98125000,TP235,BOCAUE EXIT-SAPANG PALAY_2.2_TP235
BUS,BOCAUE EXIT-SAPANG PALAY_2.2,14.82622000,120.98134000,TP236,BOCAUE EXIT-SAPANG PALAY_2.2_TP236
BUS,BOCAUE EXIT-SAPANG PALAY_2.2,14.82627000,120.98171000,TP237,BOCAUE EXIT-SAPANG PALAY_2.2_TP237
BUS,BOCAUE EXIT-SAPANG PALAY_2.2,14.82643000,120.98219000,TP238,BOCAUE EXIT-SAPANG PALAY_2.2_TP238
BUS,BOCAUE EXIT-SAPANG PALAY_2.2,14.82647000,120.98232000,TP239,BOCAUE EXIT-SAPANG PALAY_2.2_TP239
BUS,BOCAUE EXIT-SAPANG PALAY_2.2,14.82653000,120.98272000,TP240,BOCAUE EXIT-SAPANG PALAY_2.2_TP240
BUS,BOCAUE EXIT-SAPANG PALAY_2.2,14.82653000,120.98276000,TP241,BOCAUE EXIT-SAPANG PALAY_2.2_TP241
BUS,BOCAUE EXIT-SAPANG PALAY_2.2,14.82659000,120.98342000,TP242,BOCAUE EXIT-SAPANG PALAY_2.2_TP242
BUS,BOCAUE EXIT-SAPANG PALAY_2.2,14.82663000,120.98383000,TP243,BOCAUE EXIT-SAPANG PALAY_2.2_TP243
BUS,BOCAUE EXIT-SAPANG PALAY_2.2,14.82664000,120.98402000,TP244,BOCAUE EXIT-SAPANG PALAY_2.2_TP244
BUS,BOCAUE EXIT-SAPANG PALAY_2.2,14.82664000,120.98414000,TP245,BOCAUE EXIT-SAPANG PALAY_2.2_TP245
BUS,BOCAUE EXIT-SAPANG PALAY_2.2,14.82662000,120.98422000,TP246,BOCAUE EXIT-SAPANG PALAY_2.2_TP246
BUS,BOCAUE EXIT-SAPANG PALAY_2.2,14.82649000,120.98459000,TP247,BOCAUE EXIT-SAPANG PALAY_2.2_TP247
BUS,BOCAUE EXIT-SAPANG PALAY_2.2,14.82644000,120.98476000,TP248,BOCAUE EXIT-SAPANG PALAY_2.2_TP248
BUS,BOCAUE EXIT-SAPANG PALAY_2.2,14.82643000,120.98483000,TP249,BOCAUE EXIT-SAPANG PALAY_2.2_TP249
BUS,BOCAUE EXIT-SAPANG PALAY_2.2,14.82642000,120.98509000,TP250,BOCAUE EXIT-SAPANG PALAY_2.2_TP250
BUS,BOCAUE EXIT-SAPANG PALAY_2.2,14.82643000,120.98520000,TP251,BOCAUE EXIT-SAPANG PALAY_2.2_TP251
BUS,BOCAUE EXIT-SAPANG PALAY_2.2,14.82645000,120.98550000,TP252,BOCAUE EXIT-SAPANG PALAY_2.2_TP252
BUS,BOCAUE EXIT-SAPANG PALAY_2.2,14.82646000,120.98569000,TP253,BOCAUE EXIT-SAPANG PALAY_2.2_TP253
BUS,BOCAUE EXIT-SAPANG PALAY_2.2,14.82646000,120.98580000,TP254,BOCAUE EXIT-SAPANG PALAY_2.2_TP254
BUS,BOCAUE EXIT-SAPANG PALAY_2.2,14.82645000,120.98629000,TP255,BOCAUE EXIT-SAPANG PALAY_2.2_TP255
BUS,BOCAUE EXIT-SAPANG PALAY_2.2,14.82642000,120.98688000,TP256,BOCAUE EXIT-SAPANG PALAY_2.2_TP256
BUS,BOCAUE EXIT-SAPANG PALAY_2.2,14.82639000,120.98758000,TP257,BOCAUE EXIT-SAPANG PALAY_2.2_TP257
BUS,BOCAUE EXIT-SAPANG PALAY_2.2,14.82638000,120.98771000,TP258,BOCAUE EXIT-SAPANG PALAY_2.2_TP258
BUS,BOCAUE EXIT-SAPANG PALAY_2.2,14.82639000,120.98800000,TP259,BOCAUE EXIT-SAPANG PALAY_2.2_TP259
BUS,BOCAUE EXIT-SAPANG PALAY_2.2,14.82643000,120.98833000,TP260,BOCAUE EXIT-SAPANG PALAY_2.2_TP260
BUS,BOCAUE EXIT-SAPANG PALAY_2.2,14.82645000,120.98845000,TP261,BOCAUE EXIT-SAPANG PALAY_2.2_TP261
BUS,BOCAUE EXIT-SAPANG PALAY_2.2,14.82653000,120.98883000,TP262,BOCAUE EXIT-SAPANG PALAY_2.2_TP262
BUS,BOCAUE EXIT-SAPANG PALAY_2.2,14.82659000,120.98912000,TP263,BOCAUE EXIT-SAPANG PALAY_2.2_TP263
BUS,BOCAUE EXIT-SAPANG PALAY_2.2,14.82666000,120.98960000,TP264,BOCAUE EXIT-SAPANG PALAY_2.2_TP264
BUS,BOCAUE EXIT-SAPANG PALAY_2.2,14.82666000,120.98976000,TP265,BOCAUE EXIT-SAPANG PALAY_2.2_TP265
BUS,BOCAUE EXIT-SAPANG PALAY_2.2,14.82666000,120.98980000,TP266,BOCAUE EXIT-SAPANG PALAY_2.2_TP266
BUS,BOCAUE EXIT-SAPANG PALAY_2.2,14.82668000,120.99019000,TP267,BOCAUE EXIT-SAPANG PALAY_2.2_TP267
BUS,BOCAUE EXIT-SAPANG PALAY_2.2,14.82670000,120.99031000,TP268,BOCAUE EXIT-SAPANG PALAY_2.2_TP268
BUS,BOCAUE EXIT-SAPANG PALAY_2.2,14.82671000,120.99047000,TP269,BOCAUE EXIT-SAPANG PALAY_2.2_TP269
BUS,BOCAUE EXIT-SAPANG PALAY_2.2,14.82674000,120.99102000,TP270,BOCAUE EXIT-SAPANG PALAY_2.2_TP270
BUS,BOCAUE EXIT-SAPANG PALAY_2.2,14.82674000,120.99105000,TP271,BOCAUE EXIT-SAPANG PALAY_2.2_TP271
BUS,BOCAUE EXIT-SAPANG PALAY_2.2,14.82677000,120.99139000,TP272,BOCAUE EXIT-SAPANG PALAY_2.2_TP272
BUS,BOCAUE EXIT-SAPANG PALAY_2.2,14.82682000,120.99213000,TP273,BOCAUE EXIT-SAPANG PALAY_2.2_TP273
BUS,BOCAUE EXIT-SAPANG PALAY_2.2,14.82689000,120.99324000,TP274,BOCAUE EXIT-SAPANG PALAY_2.2_TP274
BUS,BOCAUE EXIT-SAPANG PALAY_2.2,14.82692000,120.99343000,TP275,BOCAUE EXIT-SAPANG PALAY_2.2_TP275
BUS,BOCAUE EXIT-SAPANG PALAY_2.2,14.82700000,120.99460000,TP276,BOCAUE EXIT-SAPANG PALAY_2.2_TP276
BUS,BOCAUE EXIT-SAPANG PALAY_2.2,14.82704000,120.99491000,TP277,BOCAUE EXIT-SAPANG PALAY_2.2_TP277
BUS,BOCAUE EXIT-SAPANG PALAY_2.2,14.82706000,120.99516000,TP278,BOCAUE EXIT-SAPANG PALAY_2.2_TP278
BUS,BOCAUE EXIT-SAPANG PALAY_2.2,14.82710000,120.99569000,TP279,BOCAUE EXIT-SAPANG PALAY_2.2_TP279
BUS,BOCAUE EXIT-SAPANG PALAY_2.2,14.82712000,120.99597000,TP280,BOCAUE EXIT-SAPANG PALAY_2.2_TP280
BUS,BOCAUE EXIT-SAPANG PALAY_2.2,14.82717000,120.99678000,TP281,BOCAUE EXIT-SAPANG PALAY_2.2_TP281
BUS,BOCAUE EXIT-SAPANG PALAY_2.2,14.82719000,120.99713000,TP282,BOCAUE EXIT-SAPANG PALAY_2.2_TP282
BUS,BOCAUE EXIT-SAPANG PALAY_2.2,14.82719000,120.99725000,TP283,BOCAUE EXIT-SAPANG PALAY_2.2_TP283
BUS,BOCAUE EXIT-SAPANG PALAY_2.2,14.82724000,120.99817000,TP284,BOCAUE EXIT-SAPANG PALAY_2.2_TP284
BUS,BOCAUE EXIT-SAPANG PALAY_2.2,14.82724000,120.99831000,TP285,BOCAUE EXIT-SAPANG PALAY_2.2_TP285
BUS,BOCAUE EXIT-SAPANG PALAY_2.2,14.82726000,120.99887000,TP286,BOCAUE EXIT-SAPANG PALAY_2.2_TP286
BUS,BOCAUE EXIT-SAPANG PALAY_2.2,14.82730000,120.99911000,TP287,BOCAUE EXIT-SAPANG PALAY_2.2_TP287
BUS,BOCAUE EXIT-SAPANG PALAY_2.2,14.82740000,120.99942000,TP288,BOCAUE EXIT-SAPANG PALAY_2.2_TP288
BUS,BOCAUE EXIT-SAPANG PALAY_2.2,14.82755000,120.99966000,TP289,BOCAUE EXIT-SAPANG PALAY_2.2_TP289
BUS,BOCAUE EXIT-SAPANG PALAY_2.2,14.82798000,121.00039000,TP290,BOCAUE EXIT-SAPANG PALAY_2.2_TP290
BUS,BOCAUE EXIT-SAPANG PALAY_2.2,14.82824000,121.00088000,TP291,BOCAUE EXIT-SAPANG PALAY_2.2_TP291
BUS,BOCAUE EXIT-SAPANG PALAY_2.2,14.82831000,121.00101000,TP292,BOCAUE EXIT-SAPANG PALAY_2.2_TP292
BUS,BOCAUE EXIT-SAPANG PALAY_2.2,14.82836000,121.00110000,TP293,BOCAUE EXIT-SAPANG PALAY_2.2_TP293
BUS,BOCAUE EXIT-SAPANG PALAY_2.2,14.82843000,121.00116000,TP294,BOCAUE EXIT-SAPANG PALAY_2.2_TP294
BUS,BOCAUE EXIT-SAPANG PALAY_2.2,14.82865000,121.00170000,TP295,BOCAUE EXIT-SAPANG PALAY_2.2_TP295
BUS,BOCAUE EXIT-SAPANG PALAY_2.2,14.82889000,121.00228000,TP296,BOCAUE EXIT-SAPANG PALAY_2.2_TP296
BUS,BOCAUE EXIT-SAPANG PALAY_2.2,14.82893000,121.00237000,TP297,BOCAUE EXIT-SAPANG PALAY_2.2_TP297
BUS,BOCAUE EXIT-SAPANG PALAY_2.2,14.82907000,121.00269000,TP298,BOCAUE EXIT-SAPANG PALAY_2.2_TP298
BUS,BOCAUE EXIT-SAPANG PALAY_2.2,14.82920000,121.00301000,TP299,BOCAUE EXIT-SAPANG PALAY_2.2_TP299
BUS,BOCAUE EXIT-SAPANG PALAY_2.2,14.82928000,121.00317000,TP300,BOCAUE EXIT-SAPANG PALAY_2.2_TP300
BUS,BOCAUE EXIT-SAPANG PALAY_2.2,14.82937000,121.00334000,TP301,BOCAUE EXIT-SAPANG PALAY_2.2_TP301
BUS,BOCAUE EXIT-SAPANG PALAY_2.2,14.82953000,121.00357000,TP302,BOCAUE EXIT-SAPANG PALAY_2.2_TP302
BUS,BOCAUE EXIT-SAPANG PALAY_2.2,14.82957000,121.00364000,TP303,BOCAUE EXIT-SAPANG PALAY_2.2_TP303
BUS,BOCAUE EXIT-SAPANG PALAY_2.2,14.82961000,121.00369000,TP304,BOCAUE EXIT-SAPANG PALAY_2.2_TP304
BUS,BOCAUE EXIT-SAPANG PALAY_2.2,14.82976000,121.00394000,TP305,BOCAUE EXIT-SAPANG PALAY_2.2_TP305
BUS,BOCAUE EXIT-SAPANG PALAY_2.2,14.82985000,121.00409000,TP306,BOCAUE EXIT-SAPANG PALAY_2.2_TP306
BUS,BOCAUE EXIT-SAPANG PALAY_2.2,14.82999000,121.00429000,TP307,BOCAUE EXIT-SAPANG PALAY_2.2_TP307
BUS,BOCAUE EXIT-SAPANG PALAY_2.2,14.83007000,121.00445000,TP308,BOCAUE EXIT-SAPANG PALAY_2.2_TP308
BUS,BOCAUE EXIT-SAPANG PALAY_2.2,14.83011000,121.00456000,TP309,BOCAUE EXIT-SAPANG PALAY_2.2_TP309
BUS,BOCAUE EXIT-SAPANG PALAY_2.2,14.83013000,121.00466000,TP310,BOCAUE EXIT-SAPANG PALAY_2.2_TP310
BUS,BOCAUE EXIT-SAPANG PALAY_2.2,14.83014000,121.00474000,TP311,BOCAUE EXIT-SAPANG PALAY_2.2_TP311
BUS,BOCAUE EXIT-SAPANG PALAY_2.2,14.83014000,121.00482000,TP312,BOCAUE EXIT-SAPANG PALAY_2.2_TP312
BUS,BOCAUE EXIT-SAPANG PALAY_2.2,14.83014000,121.00496000,TP313,BOCAUE EXIT-SAPANG PALAY_2.2_TP313
BUS,BOCAUE EXIT-SAPANG PALAY_2.2,14.83013000,121.00509000,TP314,BOCAUE EXIT-SAPANG PALAY_2.2_TP314
BUS,BOCAUE EXIT-SAPANG PALAY_2.2,14.83019000,121.00554000,TP315,BOCAUE EXIT-SAPANG PALAY_2.2_TP315
BUS,BOCAUE EXIT-SAPANG PALAY_2.2,14.83027000,121.00605000,TP316,BOCAUE EXIT-SAPANG PALAY_2.2_TP316
BUS,BOCAUE EXIT-SAPANG PALAY_2.2,14.83034000,121.00635000,TP317,BOCAUE EXIT-SAPANG PALAY_2.2_TP317
BUS,BOCAUE EXIT-SAPANG PALAY_2.2,14.83042000,121.00653000,TP318,BOCAUE EXIT-SAPANG PALAY_2.2_TP318
BUS,BOCAUE EXIT-SAPANG PALAY_2.2,14.83055000,121.00677000,TP319,BOCAUE EXIT-SAPANG PALAY_2.2_TP319
BUS,BOCAUE EXIT-SAPANG PALAY_2.2,14.83080000,121.00705000,TP320,BOCAUE EXIT-SAPANG PALAY_2.2_TP320
BUS,BOCAUE EXIT-SAPANG PALAY_2.2,14.83086000,121.00712000,TP321,BOCAUE EXIT-SAPANG PALAY_2.2_TP321
BUS,BOCAUE EXIT-SAPANG PALAY_2.2,14.83153000,121.00791000,TP322,BOCAUE EXIT-SAPANG PALAY_2.2_TP322
BUS,BOCAUE EXIT-SAPANG PALAY_2.2,14.83159000,121.00797000,TP323,BOCAUE EXIT-SAPANG PALAY_2.2_TP323
BUS,BOCAUE EXIT-SAPANG PALAY_2.2,14.83195000,121.00832000,TP324,BOCAUE EXIT-SAPANG PALAY_2.2_TP324
BUS,BOCAUE EXIT-SAPANG PALAY_2.2,14.83198000,121.00834000,TP325,BOCAUE EXIT-SAPANG PALAY_2.2_TP325
BUS,BOCAUE EXIT-SAPANG PALAY_2.2,14.83239000,121.00862000,TP326,BOCAUE EXIT-SAPANG PALAY_2.2_TP326
BUS,BOCAUE EXIT-SAPANG PALAY_2.2,14.83246000,121.00868000,TP327,BOCAUE EXIT-SAPANG PALAY_2.2_TP327
BUS,BOCAUE EXIT-SAPANG PALAY_2.2,14.83276000,121.00892000,TP328,BOCAUE EXIT-SAPANG PALAY_2.2_TP328
BUS,BOCAUE EXIT-SAPANG PALAY_2.2,14.83293000,121.00915000,TP329,BOCAUE EXIT-SAPANG PALAY_2.2_TP329
BUS,BOCAUE EXIT-SAPANG PALAY_2.2,14.83306000,121.00935000,TP330,BOCAUE EXIT-SAPANG PALAY_2.2_TP330
BUS,BOCAUE EXIT-SAPANG PALAY_2.2,14.83323000,121.00963000,TP331,BOCAUE EXIT-SAPANG PALAY_2.2_TP331
BUS,BOCAUE EXIT-SAPANG PALAY_2.2,14.83340000,121.00988000,TP332,BOCAUE EXIT-SAPANG PALAY_2.2_TP332
BUS,BOCAUE EXIT-SAPANG PALAY_2.2,14.83342000,121.00992000,TP333,BOCAUE EXIT-SAPANG PALAY_2.2_TP333
BUS,BOCAUE EXIT-SAPANG PALAY_2.2,14.83352000,121.01010000,TP334,BOCAUE EXIT-SAPANG PALAY_2.2_TP334
BUS,BOCAUE EXIT-SAPANG PALAY_2.2,14.83358000,121.01018000,TP335,BOCAUE EXIT-SAPANG PALAY_2.2_TP335
BUS,BOCAUE EXIT-SAPANG PALAY_2.2,14.83379000,121.01046000,TP336,BOCAUE EXIT-SAPANG PALAY_2.2_TP336
BUS,BOCAUE EXIT-SAPANG PALAY_2.2,14.83395000,121.01064000,TP337,BOCAUE EXIT-SAPANG PALAY_2.2_TP337
BUS,BOCAUE EXIT-SAPANG PALAY_2.2,14.83426000,121.01098000,TP338,BOCAUE EXIT-SAPANG PALAY_2.2_TP338
BUS,BOCAUE EXIT-SAPANG PALAY_2.2,14.83468000,121.01141000,TP339,BOCAUE EXIT-SAPANG PALAY_2.2_TP339
BUS,BOCAUE EXIT-SAPANG PALAY_2.2,14.83498000,121.01174000,TP340,BOCAUE EXIT-SAPANG PALAY_2.2_TP340
BUS,BOCAUE EXIT-SAPANG PALAY_2.2,14.83512000,121.01190000,TP341,BOCAUE EXIT-SAPANG PALAY_2.2_TP341
BUS,BOCAUE EXIT-SAPANG PALAY_2.2,14.83544000,121.01226000,TP342,BOCAUE EXIT-SAPANG PALAY_2.2_TP342
BUS,BOCAUE EXIT-SAPANG PALAY_2.2,14.83553000,121.01240000,TP343,BOCAUE EXIT-SAPANG PALAY_2.2_TP343
BUS,BOCAUE EXIT-SAPANG PALAY_2.2,14.83559000,121.01255000,TP344,BOCAUE EXIT-SAPANG PALAY_2.2_TP344
BUS,BOCAUE EXIT-SAPANG PALAY_2.2,14.83562000,121.01264000,TP345,BOCAUE EXIT-SAPANG PALAY_2.2_TP345
BUS,BOCAUE EXIT-SAPANG PALAY_2.2,14.83564000,121.01272000,TP346,BOCAUE EXIT-SAPANG PALAY_2.2_TP346
BUS,BOCAUE EXIT-SAPANG PALAY_2.2,14.83568000,121.01291000,TP347,BOCAUE EXIT-SAPANG PALAY_2.2_TP347
BUS,BOCAUE EXIT-SAPANG PALAY_2.2,14.83571000,121.01312000,TP348,BOCAUE EXIT-SAPANG PALAY_2.2_TP348
BUS,BOCAUE EXIT-SAPANG PALAY_2.2,14.83572000,121.01331000,TP349,BOCAUE EXIT-SAPANG PALAY_2.2_TP349
BUS,BOCAUE EXIT-SAPANG PALAY_2.2,14.83571000,121.01349000,TP350,BOCAUE EXIT-SAPANG PALAY_2.2_TP350
BUS,BOCAUE EXIT-SAPANG PALAY_2.2,14.83570000,121.01358000,TP351,BOCAUE EXIT-SAPANG PALAY_2.2_TP351
BUS,BOCAUE EXIT-SAPANG PALAY_2.2,14.83569000,121.01397000,TP352,BOCAUE EXIT-SAPANG PALAY_2.2_TP352
BUS,BOCAUE EXIT-SAPANG PALAY_2.2,14.83568000,121.01423000,TP353,BOCAUE EXIT-SAPANG PALAY_2.2_TP353
BUS,BOCAUE EXIT-SAPANG PALAY_2.2,14.83566000,121.01477000,TP354,BOCAUE EXIT-SAPANG PALAY_2.2_TP354
BUS,BOCAUE EXIT-SAPANG PALAY_2.2,14.83566000,121.01486000,TP355,BOCAUE EXIT-SAPANG PALAY_2.2_TP355
BUS,BOCAUE EXIT-SAPANG PALAY_2.2,14.83568000,121.01506000,TP356,BOCAUE EXIT-SAPANG PALAY_2.2_TP356
BUS,BOCAUE EXIT-SAPANG PALAY_2.2,14.83571000,121.01542000,TP357,BOCAUE EXIT-SAPANG PALAY_2.2_TP357
BUS,BOCAUE EXIT-SAPANG PALAY_2.2,14.83572000,121.01560000,TP358,BOCAUE EXIT-SAPANG PALAY_2.2_TP358
BUS,BOCAUE EXIT-SAPANG PALAY_2.2,14.83577000,121.01609000,TP359,BOCAUE EXIT-SAPANG PALAY_2.2_TP359
BUS,BOCAUE EXIT-SAPANG PALAY_2.2,14.83579000,121.01628000,TP360,BOCAUE EXIT-SAPANG PALAY_2.2_TP360
BUS,BOCAUE EXIT-SAPANG PALAY_2.2,14.83579000,121.01636000,TP361,BOCAUE EXIT-SAPANG PALAY_2.2_TP361
BUS,BOCAUE EXIT-SAPANG PALAY_2.2,14.83588000,121.01665000,TP362,BOCAUE EXIT-SAPANG PALAY_2.2_TP362
BUS,BOCAUE EXIT-SAPANG PALAY_2.2,14.83597000,121.01683000,TP363,BOCAUE EXIT-SAPANG PALAY_2.2_TP363
BUS,BOCAUE EXIT-SAPANG PALAY_2.2,14.83626000,121.01730000,TP364,BOCAUE EXIT-SAPANG PALAY_2.2_TP364
BUS,BOCAUE EXIT-SAPANG PALAY_2.2,14.83645000,121.01761000,TP365,BOCAUE EXIT-SAPANG PALAY_2.2_TP365
BUS,BOCAUE EXIT-SAPANG PALAY_2.2,14.83651000,121.01770000,TP366,BOCAUE EXIT-SAPANG PALAY_2.2_TP366
BUS,BOCAUE EXIT-SAPANG PALAY_2.2,14.83683000,121.01822000,TP367,BOCAUE EXIT-SAPANG PALAY_2.2_TP367
BUS,BOCAUE EXIT-SAPANG PALAY_2.2,14.83698000,121.01850000,TP368,BOCAUE EXIT-SAPANG PALAY_2.2_TP368
BUS,BOCAUE EXIT-SAPANG PALAY_2.2,14.83698000,121.01851000,TP369,BOCAUE EXIT-SAPANG PALAY_2.2_TP369
BUS,BOCAUE EXIT-SAPANG PALAY_2.2,14.83705000,121.01867000,TP370,BOCAUE EXIT-SAPANG PALAY_2.2_TP370
BUS,BOCAUE EXIT-SAPANG PALAY_2.2,14.83714000,121.01886000,TP371,BOCAUE EXIT-SAPANG PALAY_2.2_TP371
BUS,BOCAUE EXIT-SAPANG PALAY_2.2,14.83727000,121.01923000,TP372,BOCAUE EXIT-SAPANG PALAY_2.2_TP372
BUS,BOCAUE EXIT-SAPANG PALAY_2.2,14.83732000,121.01946000,TP373,BOCAUE EXIT-SAPANG PALAY_2.2_TP373
BUS,BOCAUE EXIT-SAPANG PALAY_2.2,14.83753000,121.02003000,TP374,BOCAUE EXIT-SAPANG PALAY_2.2_TP374
BUS,BOCAUE EXIT-SAPANG PALAY_2.2,14.83767000,121.02039000,TP375,BOCAUE EXIT-SAPANG PALAY_2.2_TP375
BUS,BOCAUE EXIT-SAPANG PALAY_2.2,14.83773000,121.02060000,TP376,BOCAUE EXIT-SAPANG PALAY_2.2_TP376
BUS,BOCAUE EXIT-SAPANG PALAY_2.2,14.83774000,121.02061000,TP377,BOCAUE EXIT-SAPANG PALAY_2.2_TP377
BUS,BOCAUE EXIT-SAPANG PALAY_2.2,14.83777000,121.02070000,TP378,BOCAUE EXIT-SAPANG PALAY_2.2_TP378
BUS,BOCAUE EXIT-SAPANG PALAY_2.2,14.83781000,121.02094000,TP379,BOCAUE EXIT-SAPANG PALAY_2.2_TP379
BUS,BOCAUE EXIT-SAPANG PALAY_2.2,14.83781000,121.02102000,TP380,BOCAUE EXIT-SAPANG PALAY_2.2_TP380
BUS,BOCAUE EXIT-SAPANG PALAY_2.2,14.83783000,121.02112000,TP381,BOCAUE EXIT-SAPANG PALAY_2.2_TP381
BUS,BOCAUE EXIT-SAPANG PALAY_2.2,14.83784000,121.02117000,TP382,BOCAUE EXIT-SAPANG PALAY_2.2_TP382
BUS,BOCAUE EXIT-SAPANG PALAY_2.2,14.83784000,121.02121000,TP383,BOCAUE EXIT-SAPANG PALAY_2.2_TP383
BUS,BOCAUE EXIT-SAPANG PALAY_2.2,14.83789000,121.02158000,TP384,BOCAUE EXIT-SAPANG PALAY_2.2_TP384
BUS,BOCAUE EXIT-SAPANG PALAY_2.2,14.83790000,121.02172000,TP385,BOCAUE EXIT-SAPANG PALAY_2.2_TP385
BUS,BOCAUE EXIT-SAPANG PALAY_2.2,14.83794000,121.02205000,TP386,BOCAUE EXIT-SAPANG PALAY_2.2_TP386
BUS,BOCAUE EXIT-SAPANG PALAY_2.2,14.83796000,121.02223000,TP387,BOCAUE EXIT-SAPANG PALAY_2.2_TP387
BUS,BOCAUE EXIT-SAPANG PALAY_2.2,14.83799000,121.02249000,TP388,BOCAUE EXIT-SAPANG PALAY_2.2_TP388
BUS,BOCAUE EXIT-SAPANG PALAY_2.2,14.83801000,121.02271000,TP389,BOCAUE EXIT-SAPANG PALAY_2.2_TP389
BUS,BOCAUE EXIT-SAPANG PALAY_2.2,14.83802000,121.02279000,TP390,BOCAUE EXIT-SAPANG PALAY_2.2_TP390
BUS,BOCAUE EXIT-SAPANG PALAY_2.2,14.83807000,121.02313000,TP391,BOCAUE EXIT-SAPANG PALAY_2.2_TP391
BUS,BOCAUE EXIT-SAPANG PALAY_2.2,14.83820000,121.02409000,TP392,BOCAUE EXIT-SAPANG PALAY_2.2_TP392
BUS,BOCAUE EXIT-SAPANG PALAY_2.2,14.83834000,121.02480000,TP393,BOCAUE EXIT-SAPANG PALAY_2.2_TP393
BUS,BOCAUE EXIT-SAPANG PALAY_2.2,14.83841000,121.02511000,TP394,BOCAUE EXIT-SAPANG PALAY_2.2_TP394
BUS,BOCAUE EXIT-SAPANG PALAY_2.2,14.83849000,121.02551000,TP395,BOCAUE EXIT-SAPANG PALAY_2.2_TP395
BUS,BOCAUE EXIT-SAPANG PALAY_2.2,14.83867000,121.02610000,TP396,BOCAUE EXIT-SAPANG PALAY_2.2_TP396
BUS,BOCAUE EXIT-SAPANG PALAY_2.2,14.83877000,121.02642000,TP397,BOCAUE EXIT-SAPANG PALAY_2.2_TP397
BUS,BOCAUE EXIT-SAPANG PALAY_2.2,14.83882000,121.02665000,TP398,BOCAUE EXIT-SAPANG PALAY_2.2_TP398
BUS,BOCAUE EXIT-SAPANG PALAY_2.2,14.83889000,121.02690000,TP399,BOCAUE EXIT-SAPANG PALAY_2.2_TP399
BUS,BOCAUE EXIT-SAPANG PALAY_2.2,14.83892000,121.02709000,TP400,BOCAUE EXIT-SAPANG PALAY_2.2_TP400
BUS,BOCAUE EXIT-SAPANG PALAY_2.2,14.83893000,121.02732000,TP401,BOCAUE EXIT-SAPANG PALAY_2.2_TP401
BUS,BOCAUE EXIT-SAPANG PALAY_2.2,14.83894000,121.02744000,TP402,BOCAUE EXIT-SAPANG PALAY_2.2_TP402
BUS,BOCAUE EXIT-SAPANG PALAY_2.2,14.83899000,121.02766000,TP403,BOCAUE EXIT-SAPANG PALAY_2.2_TP403
BUS,BOCAUE EXIT-SAPANG PALAY_2.2,14.83902000,121.02780000,TP404,BOCAUE EXIT-SAPANG PALAY_2.2_TP404
BUS,BOCAUE EXIT-SAPANG PALAY_2.2,14.83903000,121.02782000,TP405,BOCAUE EXIT-SAPANG PALAY_2.2_TP405
BUS,BOCAUE EXIT-SAPANG PALAY_2.2,14.83903000,121.02791000,TP406,BOCAUE EXIT-SAPANG PALAY_2.2_TP406
BUS,BOCAUE EXIT-SAPANG PALAY_2.2,14.83902000,121.02820000,TP407,BOCAUE EXIT-SAPANG PALAY_2.2_TP407
BUS,BOCAUE EXIT-SAPANG PALAY_2.2,14.83901000,121.02831000,TP408,BOCAUE EXIT-SAPANG PALAY_2.2_TP408
BUS,BOCAUE EXIT-SAPANG PALAY_2.2,14.83901000,121.02836000,TP409,BOCAUE EXIT-SAPANG PALAY_2.2_TP409
BUS,BOCAUE EXIT-SAPANG PALAY_2.2,14.83900000,121.02843000,TP410,BOCAUE EXIT-SAPANG PALAY_2.2_TP410
BUS,BOCAUE EXIT-SAPANG PALAY_2.2,14.83902000,121.02855000,TP411,BOCAUE EXIT-SAPANG PALAY_2.2_TP411
BUS,BOCAUE EXIT-SAPANG PALAY_2.2,14.83902000,121.02856000,TP412,BOCAUE EXIT-SAPANG PALAY_2.2_TP412
BUS,BOCAUE EXIT-SAPANG PALAY_2.2,14.83907000,121.02865000,TP413,BOCAUE EXIT-SAPANG PALAY_2.2_TP413
BUS,BOCAUE EXIT-SAPANG PALAY_2.2,14.83911000,121.02871000,TP414,BOCAUE EXIT-SAPANG PALAY_2.2_TP414
BUS,BOCAUE EXIT-SAPANG PALAY_2.2,14.83915000,121.02875000,TP415,BOCAUE EXIT-SAPANG PALAY_2.2_TP415
BUS,BOCAUE EXIT-SAPANG PALAY_2.2,14.83923000,121.02883000,TP416,BOCAUE EXIT-SAPANG PALAY_2.2_TP416
BUS,BOCAUE EXIT-SAPANG PALAY_2.2,14.83937000,121.02895000,TP417,BOCAUE EXIT-SAPANG PALAY_2.2_TP417
BUS,BOCAUE EXIT-SAPANG PALAY_2.2,14.83953000,121.02905000,TP418,BOCAUE EXIT-SAPANG PALAY_2.2_TP418
BUS,BOCAUE EXIT-SAPANG PALAY_2.2,14.83963000,121.02909000,TP419,BOCAUE EXIT-SAPANG PALAY_2.2_TP419
BUS,BOCAUE EXIT-SAPANG PALAY_2.2,14.83982000,121.02917000,TP420,BOCAUE EXIT-SAPANG PALAY_2.2_TP420
BUS,BOCAUE EXIT-SAPANG PALAY_2.2,14.83990000,121.02918000,TP421,BOCAUE EXIT-SAPANG PALAY_2.2_TP421
BUS,BOCAUE EXIT-SAPANG PALAY_2.2,14.84004000,121.02923000,TP422,BOCAUE EXIT-SAPANG PALAY_2.2_TP422
BUS,BOCAUE EXIT-SAPANG PALAY_2.2,14.84005000,121.02923000,TP423,BOCAUE EXIT-SAPANG PALAY_2.2_TP423
BUS,BOCAUE EXIT-SAPANG PALAY_2.2,14.84043000,121.02932000,TP424,BOCAUE EXIT-SAPANG PALAY_2.2_TP424
BUS,BOCAUE EXIT-SAPANG PALAY_2.2,14.84048000,121.02934000,TP425,BOCAUE EXIT-SAPANG PALAY_2.2_TP425
BUS,BOCAUE EXIT-SAPANG PALAY_2.2,14.84053000,121.02936000,TP426,BOCAUE EXIT-SAPANG PALAY_2.2_TP426
BUS,BOCAUE EXIT-SAPANG PALAY_2.2,14.84057000,121.02939000,TP427,BOCAUE EXIT-SAPANG PALAY_2.2_TP427
BUS,BOCAUE EXIT-SAPANG PALAY_2.2,14.84060000,121.02941000,TP428,BOCAUE EXIT-SAPANG PALAY_2.2_TP428
BUS,BOCAUE EXIT-SAPANG PALAY_2.2,14.84069000,121.02950000,TP429,BOCAUE EXIT-SAPANG PALAY_2.2_TP429
BUS,BOCAUE EXIT-SAPANG PALAY_2.2,14.84069150,121.02949510,TP430,BOCAUE EXIT-SAPANG PALAY_2.2_TP430
BUS,BOCAUE EXIT-SAPANG PALAY_2.2,14.84075000,121.02974000,TP431,BOCAUE EXIT-SAPANG PALAY_2.2_TP431
BUS,BOCAUE EXIT-SAPANG PALAY_2.2,14.84081000,121.02993000,TP432,BOCAUE EXIT-SAPANG PALAY_2.2_TP432
BUS,BOCAUE EXIT-SAPANG PALAY_2.2,14.84083000,121.03000000,TP433,BOCAUE EXIT-SAPANG PALAY_2.2_TP433
BUS,BOCAUE EXIT-SAPANG PALAY_2.2,14.84085000,121.03006000,TP434,BOCAUE EXIT-SAPANG PALAY_2.2_TP434
BUS,BOCAUE EXIT-SAPANG PALAY_2.2,14.84088000,121.03010000,TP435,BOCAUE EXIT-SAPANG PALAY_2.2_TP435
BUS,BOCAUE EXIT-SAPANG PALAY_2.2,14.84093000,121.03016000,TP436,BOCAUE EXIT-SAPANG PALAY_2.2_TP436
BUS,BOCAUE EXIT-SAPANG PALAY_2.2,14.84096000,121.03018000,TP437,BOCAUE EXIT-SAPANG PALAY_2.2_TP437
BUS,BOCAUE EXIT-SAPANG PALAY_2.2,14.84144000,121.03050000,TP438,BOCAUE EXIT-SAPANG PALAY_2.2_TP438
BUS,BOCAUE EXIT-SAPANG PALAY_2.2,14.84182000,121.03075000,TP439,BOCAUE EXIT-SAPANG PALAY_2.2_TP439
BUS,BOCAUE EXIT-SAPANG PALAY_2.2,14.84196000,121.03089000,TP440,BOCAUE EXIT-SAPANG PALAY_2.2_TP440
BUS,BOCAUE EXIT-SAPANG PALAY_2.2,14.84198000,121.03091000,TP441,BOCAUE EXIT-SAPANG PALAY_2.2_TP441
BUS,BOCAUE EXIT-SAPANG PALAY_2.2,14.84243000,121.03126000,TP442,BOCAUE EXIT-SAPANG PALAY_2.2_TP442
BUS,BOCAUE EXIT-SAPANG PALAY_2.2,14.84264000,121.03145000,TP443,BOCAUE EXIT-SAPANG PALAY_2.2_TP443
BUS,BOCAUE EXIT-SAPANG PALAY_2.2,14.84282000,121.03164000,TP444,BOCAUE EXIT-SAPANG PALAY_2.2_TP444
BUS,BOCAUE EXIT-SAPANG PALAY_2.2,14.84287000,121.03170000,TP445,BOCAUE EXIT-SAPANG PALAY_2.2_TP445
BUS,BOCAUE EXIT-SAPANG PALAY_2.2,14.84302000,121.03194000,TP446,BOCAUE EXIT-SAPANG PALAY_2.2_TP446
BUS,BOCAUE EXIT-SAPANG PALAY_2.2,14.84302310,121.03194250,TP447,BOCAUE EXIT-SAPANG PALAY_2.2_TP447
BUS,BOCAUE EXIT-SAPANG PALAY_2.2,14.84306000,121.03204000,TP448,BOCAUE EXIT-SAPANG PALAY_2.2_TP448
BUS,BOCAUE EXIT-SAPANG PALAY_2.2,14.84310000,121.03221000,TP449,BOCAUE EXIT-SAPANG PALAY_2.2_TP449
BUS,BOCAUE EXIT-SAPANG PALAY_2.2,14.84316000,121.03238000,TP450,BOCAUE EXIT-SAPANG PALAY_2.2_TP450
BUS,BOCAUE EXIT-SAPANG PALAY_2.2,14.84326000,121.03261000,TP451,BOCAUE EXIT-SAPANG PALAY_2.2_TP451
BUS,BOCAUE EXIT-SAPANG PALAY_2.2,14.84334000,121.03285000,TP452,BOCAUE EXIT-SAPANG PALAY_2.2_TP452
BUS,BOCAUE EXIT-SAPANG PALAY_2.2,14.84337000,121.03301000,TP453,BOCAUE EXIT-SAPANG PALAY_2.2_TP453
BUS,BOCAUE EXIT-SAPANG PALAY_2.2,14.84340000,121.03313000,TP454,BOCAUE EXIT-SAPANG PALAY_2.2_TP454
BUS,BOCAUE EXIT-SAPANG PALAY_2.2,14.84343000,121.03328000,TP455,BOCAUE EXIT-SAPANG PALAY_2.2_TP455
BUS,BOCAUE EXIT-SAPANG PALAY_2.2,14.84344000,121.03343000,TP456,BOCAUE EXIT-SAPANG PALAY_2.2_TP456
BUS,BOCAUE EXIT-SAPANG PALAY_2.2,14.84344000,121.03350000,TP457,BOCAUE EXIT-SAPANG PALAY_2.2_TP457
BUS,BOCAUE EXIT-SAPANG PALAY_2.2,14.84343000,121.03354000,TP458,BOCAUE EXIT-SAPANG PALAY_2.2_TP458
BUS,BOCAUE EXIT-SAPANG PALAY_2.2,14.84342000,121.03361000,TP459,BOCAUE EXIT-SAPANG PALAY_2.2_TP459
BUS,BOCAUE EXIT-SAPANG PALAY_2.2,14.84342000,121.03362000,TP460,BOCAUE EXIT-SAPANG PALAY_2.2_TP460
BUS,BOCAUE EXIT-SAPANG PALAY_2.2,14.84319000,121.03434000,TP461,BOCAUE EXIT-SAPANG PALAY_2.2_TP461
BUS,BOCAUE EXIT-SAPANG PALAY_2.2,14.84303000,121.03486000,TP462,BOCAUE EXIT-SAPANG PALAY_2.2_TP462
BUS,BOCAUE EXIT-SAPANG PALAY_2.2,14.84299000,121.03498000,TP463,BOCAUE EXIT-SAPANG PALAY_2.2_TP463
BUS,BOCAUE EXIT-SAPANG PALAY_2.2,14.84290000,121.03523000,TP464,BOCAUE EXIT-SAPANG PALAY_2.2_TP464
BUS,BOCAUE EXIT-SAPANG PALAY_2.2,14.84276000,121.03554000,TP465,BOCAUE EXIT-SAPANG PALAY_2.2_TP465
BUS,BOCAUE EXIT-SAPANG PALAY_2.2,14.84261000,121.03582000,TP466,BOCAUE EXIT-SAPANG PALAY_2.2_TP466
BUS,BOCAUE EXIT-SAPANG PALAY_2.2,14.84245000,121.03611000,TP467,BOCAUE EXIT-SAPANG PALAY_2.2_TP467
BUS,BOCAUE EXIT-SAPANG PALAY_2.2,14.84226000,121.03641000,TP468,BOCAUE EXIT-SAPANG PALAY_2.2_TP468
BUS,BOCAUE EXIT-SAPANG PALAY_2.2,14.84207000,121.03668000,TP469,BOCAUE EXIT-SAPANG PALAY_2.2_TP469
BUS,BOCAUE EXIT-SAPANG PALAY_2.2,14.84196000,121.03686000,TP470,BOCAUE EXIT-SAPANG PALAY_2.2_TP470
BUS,BOCAUE EXIT-SAPANG PALAY_2.2,14.84186000,121.03702000,TP471,BOCAUE EXIT-SAPANG PALAY_2.2_TP471
BUS,BOCAUE EXIT-SAPANG PALAY_2.2,14.84182000,121.03709000,TP472,BOCAUE EXIT-SAPANG PALAY_2.2_TP472
BUS,BOCAUE EXIT-SAPANG PALAY_2.2,14.84176000,121.03719000,TP473,BOCAUE EXIT-SAPANG PALAY_2.2_TP473
BUS,BOCAUE EXIT-SAPANG PALAY_2.2,14.84169000,121.03733000,TP474,BOCAUE EXIT-SAPANG PALAY_2.2_TP474
BUS,BOCAUE EXIT-SAPANG PALAY_2.2,14.84162000,121.03748000,TP475,BOCAUE EXIT-SAPANG PALAY_2.2_TP475
BUS,BOCAUE EXIT-SAPANG PALAY_2.2,14.84097000,121.03884000,TP476,BOCAUE EXIT-SAPANG PALAY_2.2_TP476
BUS,BOCAUE EXIT-SAPANG PALAY_2.2,14.84096000,121.03884000,TP477,BOCAUE EXIT-SAPANG PALAY_2.2_TP477
BUS,BOCAUE EXIT-SAPANG PALAY_2.2,14.84067000,121.03940000,TP478,BOCAUE EXIT-SAPANG PALAY_2.2_TP478
BUS,BOCAUE EXIT-SAPANG PALAY_2.2,14.84045000,121.03983000,TP479,BOCAUE EXIT-SAPANG PALAY_2.2_TP479
BUS,BOCAUE EXIT-SAPANG PALAY_2.2,14.84032000,121.04005000,TP480,BOCAUE EXIT-SAPANG PALAY_2.2_TP480
BUS,BOCAUE EXIT-SAPANG PALAY_2.2,14.84005000,121.04056000,TP481,BOCAUE EXIT-SAPANG PALAY_2.2_TP481
BUS,BOCAUE EXIT-SAPANG PALAY_2.2,14.83953000,121.04146000,TP482,BOCAUE EXIT-SAPANG PALAY_2.2_TP482
BUS,BOCAUE EXIT-SAPANG PALAY_2.2,14.83938000,121.04169000,TP483,BOCAUE EXIT-SAPANG PALAY_2.2_TP483
BUS,BOCAUE EXIT-SAPANG PALAY_2.2,14.83927000,121.04190000,TP484,BOCAUE EXIT-SAPANG PALAY_2.2_TP484
BUS,BOCAUE EXIT-SAPANG PALAY_2.2,14.83919000,121.04211000,TP485,BOCAUE EXIT-SAPANG PALAY_2.2_TP485
BUS,BOCAUE EXIT-SAPANG PALAY_2.2,14.83917000,121.04218000,TP486,BOCAUE EXIT-SAPANG PALAY_2.2_TP486
BUS,BOCAUE EXIT-SAPANG PALAY_2.2,14.83907000,121.04264000,TP487,BOCAUE EXIT-SAPANG PALAY_2.2_TP487
BUS,BOCAUE EXIT-SAPANG PALAY_2.2,14.83903000,121.04291000,TP488,BOCAUE EXIT-SAPANG PALAY_2.2_TP488
BUS,BOCAUE EXIT-SAPANG PALAY_2.2,14.83903030,121.04291360,TP489,BOCAUE EXIT-SAPANG PALAY_2.2_TP489
BUS,BOCAUE EXIT-SAPANG PALAY_2.2,14.83957000,121.04297000,TP490,BOCAUE EXIT-SAPANG PALAY_2.2_TP490
BUS,BOCAUE EXIT-SAPANG PALAY_2.2,14.83994000,121.04300000,TP491,BOCAUE EXIT-SAPANG PALAY_2.2_TP491
BUS,BOCAUE EXIT-SAPANG PALAY_2.2,14.84035000,121.04304000,TP492,BOCAUE EXIT-SAPANG PALAY_2.2_TP492
BUS,BOCAUE EXIT-SAPANG PALAY_2.2,14.84048000,121.04304000,TP493,BOCAUE EXIT-SAPANG PALAY_2.2_TP493
BUS,BOCAUE EXIT-SAPANG PALAY_2.2,14.84061000,121.04302000,TP494,BOCAUE EXIT-SAPANG PALAY_2.2_TP494
BUS,BOCAUE EXIT-SAPANG PALAY_2.2,14.84072000,121.04300000,TP495,BOCAUE EXIT-SAPANG PALAY_2.2_TP495
BUS,BOCAUE EXIT-SAPANG PALAY_2.2,14.84084000,121.04296000,TP496,BOCAUE EXIT-SAPANG PALAY_2.2_TP496
BUS,BOCAUE EXIT-SAPANG PALAY_2.2,14.84084130,121.04295910,TP497,BOCAUE EXIT-SAPANG PALAY_2.2_TP497
BUS,BOCAUE EXIT-SAPANG PALAY_2.2,14.84096000,121.04292000,TP498,BOCAUE EXIT-SAPANG PALAY_2.2_TP498
BUS,BOCAUE EXIT-SAPANG PALAY_2.2,14.84110000,121.04287000,TP499,BOCAUE EXIT-SAPANG PALAY_2.2_TP499
BUS,BOCAUE EXIT-SAPANG PALAY_2.2,14.84130000,121.04280000,TP500,BOCAUE EXIT-SAPANG PALAY_2.2_TP500
BUS,BOCAUE EXIT-SAPANG PALAY_2.2,14.84156000,121.04273000,TP501,BOCAUE EXIT-SAPANG PALAY_2.2_TP501
BUS,BOCAUE EXIT-SAPANG PALAY_2.2,14.84167000,121.04270000,TP502,BOCAUE EXIT-SAPANG PALAY_2.2_TP502
BUS,BOCAUE EXIT-SAPANG PALAY_2.2,14.84176000,121.04268000,TP503,BOCAUE EXIT-SAPANG PALAY_2.2_TP503
BUS,BOCAUE EXIT-SAPANG PALAY_2.2,14.84186000,121.04266000,TP504,BOCAUE EXIT-SAPANG PALAY_2.2_TP504
BUS,BOCAUE EXIT-SAPANG PALAY_2.2,14.84195000,121.04265000,TP505,BOCAUE EXIT-SAPANG PALAY_2.2_TP505
BUS,BOCAUE EXIT-SAPANG PALAY_2.2,14.84205000,121.04264000,TP506,BOCAUE EXIT-SAPANG PALAY_2.2_TP506
BUS,BOCAUE EXIT-SAPANG PALAY_2.2,14.84217000,121.04263000,TP507,BOCAUE EXIT-SAPANG PALAY_2.2_TP507
BUS,BOCAUE EXIT-SAPANG PALAY_2.2,14.84302000,121.04253000,TP508,BOCAUE EXIT-SAPANG PALAY_2.2_TP508
BUS,BOCAUE EXIT-SAPANG PALAY_2.2,14.84332000,121.04250000,TP509,BOCAUE EXIT-SAPANG PALAY_2.2_TP509
BUS,BOCAUE EXIT-SAPANG PALAY_2.2,14.84356000,121.04248000,TP510,BOCAUE EXIT-SAPANG PALAY_2.2_TP510
BUS,BOCAUE EXIT-SAPANG PALAY_2.2,14.84373000,121.04246000,TP511,BOCAUE EXIT-SAPANG PALAY_2.2_TP511
BUS,BOCAUE EXIT-SAPANG PALAY_2.2,14.84384000,121.04246000,TP512,BOCAUE EXIT-SAPANG PALAY_2.2_TP512
BUS,BOCAUE EXIT-SAPANG PALAY_2.2,14.84408000,121.04246000,TP513,BOCAUE EXIT-SAPANG PALAY_2.2_TP513
BUS,BOCAUE EXIT-SAPANG PALAY_2.2,14.84431000,121.04245000,TP514,BOCAUE EXIT-SAPANG PALAY_2.2_TP514
BUS,BOCAUE EXIT-SAPANG PALAY_2.2,14.84435000,121.04245000,TP515,BOCAUE EXIT-SAPANG PALAY_2.2_TP515
BUS,BOCAUE EXIT-SAPANG PALAY_2.2,14.84449000,121.04245000,TP516,BOCAUE EXIT-SAPANG PALAY_2.2_TP516
BUS,BOCAUE EXIT-SAPANG PALAY_2.2,14.84496000,121.04246000,TP517,BOCAUE EXIT-SAPANG PALAY_2.2_TP517
BUS,BOCAUE EXIT-SAPANG PALAY_2.2,14.84533000,121.04248000,TP518,BOCAUE EXIT-SAPANG PALAY_2.2_TP518
BUS,BOCAUE EXIT-SAPANG PALAY_2.2,14.84571000,121.04249000,TP519,BOCAUE EXIT-SAPANG PALAY_2.2_TP519
BUS,BOCAUE EXIT-SAPANG PALAY_2.2,14.84611000,121.04249000,TP520,BOCAUE EXIT-SAPANG PALAY_2.2_TP520
BUS,BOCAUE EXIT-SAPANG PALAY_2.2,14.84646000,121.04248000,TP521,BOCAUE EXIT-SAPANG PALAY_2.2_TP521
BUS,BOCAUE EXIT-SAPANG PALAY_2.2,14.84667000,121.04248000,TP522,BOCAUE EXIT-SAPANG PALAY_2.2_TP522
BUS,BOCAUE EXIT-SAPANG PALAY_2.2,14.84688000,121.04249000,TP523,BOCAUE EXIT-SAPANG PALAY_2.2_TP523
BUS,BOCAUE EXIT-SAPANG PALAY_2.2,14.84726000,121.04249000,TP524,BOCAUE EXIT-SAPANG PALAY_2.2_TP524
BUS,BOCAUE EXIT-SAPANG PALAY_2.2,14.84725620,121.04249400,TP525,BOCAUE EXIT-SAPANG PALAY_2.2_TP525
BUS,BOCAUE EXIT-SAPANG PALAY_2.2,14.84736000,121.04304000,TP526,BOCAUE EXIT-SAPANG PALAY_2.2_TP526
BUS,BOCAUE EXIT-SAPANG PALAY_2.2,14.84741000,121.04324000,TP527,BOCAUE EXIT-SAPANG PALAY_2.2_TP527
BUS,BOCAUE EXIT-SAPANG PALAY_2.2,14.84745000,121.04344000,TP528,BOCAUE EXIT-SAPANG PALAY_2.2_TP528
BUS,BOCAUE EXIT-SAPANG PALAY_2.2,14.84750000,121.04372000,TP529,BOCAUE EXIT-SAPANG PALAY_2.2_TP529
BUS,BOCAUE EXIT-SAPANG PALAY_2.2,14.84752000,121.04387000,TP530,BOCAUE EXIT-SAPANG PALAY_2.2_TP530
BUS,BOCAUE EXIT-SAPANG PALAY_2.2,14.84756000,121.04414000,TP531,BOCAUE EXIT-SAPANG PALAY_2.2_TP531
BUS,BOCAUE EXIT-SAPANG PALAY_2.2,14.84764000,121.04454000,TP532,BOCAUE EXIT-SAPANG PALAY_2.2_TP532
BUS,BOCAUE EXIT-SAPANG PALAY_2.2,14.84767000,121.04477000,TP533,BOCAUE EXIT-SAPANG PALAY_2.2_TP533
BUS,BOCAUE EXIT-SAPANG PALAY_2.2,14.84767000,121.04500000,TP534,BOCAUE EXIT-SAPANG PALAY_2.2_TP534
BUS,BOCAUE EXIT-SAPANG PALAY_2.2,14.84767000,121.04510000,TP535,BOCAUE EXIT-SAPANG PALAY_2.2_TP535
BUS,BOCAUE EXIT-SAPANG PALAY_2.2,14.84764000,121.04519000,TP536,BOCAUE EXIT-SAPANG PALAY_2.2_TP536
BUS,BOCAUE EXIT-SAPANG PALAY_2.2,14.84756000,121.04544000,TP537,BOCAUE EXIT-SAPANG PALAY_2.2_TP537
BUS,BOCAUE EXIT-SAPANG PALAY_2.2,14.84744000,121.04583000,TP538,BOCAUE EXIT-SAPANG PALAY_2.2_TP538
BUS,BOCAUE EXIT-SAPANG PALAY_2.2,14.84734000,121.04621000,TP539,BOCAUE EXIT-SAPANG PALAY_2.2_TP539
BUS,BOCAUE EXIT-SAPANG PALAY_2.2,14.84733000,121.04628000,TP540,BOCAUE EXIT-SAPANG PALAY_2.2_TP540
BUS,BOCAUE EXIT-SAPANG PALAY_2.2,14.84733000,121.04639000,TP541,BOCAUE EXIT-SAPANG PALAY_2.2_TP541
BUS,BOCAUE EXIT-SAPANG PALAY_2.2,14.84732000,121.04651000,TP542,BOCAUE EXIT-SAPANG PALAY_2.2_TP542
BUS,BOCAUE EXIT-SAPANG PALAY_2.2,14.84733000,121.04662000,TP543,BOCAUE EXIT-SAPANG PALAY_2.2_TP543
BUS,BOCAUE EXIT-SAPANG PALAY_2.2,14.84739000,121.04681000,TP544,BOCAUE EXIT-SAPANG PALAY_2.2_TP544
BUS,BOCAUE EXIT-SAPANG PALAY_2.2,14.84744000,121.04693000,TP545,BOCAUE EXIT-SAPANG PALAY_2.2_TP545
BUS,BOCAUE EXIT-SAPANG PALAY_2.2,14.84751000,121.04702000,TP546,BOCAUE EXIT-SAPANG PALAY_2.2_TP546
BUS,BOCAUE EXIT-SAPANG PALAY_2.2,14.84774000,121.04724000,TP547,BOCAUE EXIT-SAPANG PALAY_2.2_TP547
BUS,BOCAUE EXIT-SAPANG PALAY_2.2,14.84789000,121.04738000,TP548,BOCAUE EXIT-SAPANG PALAY_2.2_TP548
BUS,BOCAUE EXIT-SAPANG PALAY_2.2,14.84818000,121.04765000,TP549,BOCAUE EXIT-SAPANG PALAY_2.2_TP549
BUS,BOCAUE EXIT-SAPANG PALAY_2.2,14.84824000,121.04777000,TP550,BOCAUE EXIT-SAPANG PALAY_2.2_TP550
BUS,BOCAUE EXIT-SAPANG PALAY_2.2,14.84827000,121.04785000,TP551,BOCAUE EXIT-SAPANG PALAY_2.2_TP551
BUS,BOCAUE EXIT-SAPANG PALAY_2.2,14.84828000,121.04794000,TP552,BOCAUE EXIT-SAPANG PALAY_2.2_TP552
BUS,BOCAUE EXIT-SAPANG PALAY_2.2,14.84830000,121.04803000,TP553,BOCAUE EXIT-SAPANG PALAY_2.2_TP553
BUS,BOCAUE EXIT-SAPANG PALAY_2.2,14.84832000,121.04816000,TP554,BOCAUE EXIT-SAPANG PALAY_2.2_TP554
BUS,BOCAUE EXIT-SAPANG PALAY_2.2,14.84835000,121.04848000,TP555,BOCAUE EXIT-SAPANG PALAY_2.2_TP555
BUS,BOCAUE EXIT-SAPANG PALAY_2.2,14.84853000,121.04884000,TP556,BOCAUE EXIT-SAPANG PALAY_2.2_TP556
BUS,BOCAUE EXIT-SAPANG PALAY_2.2,14.84859000,121.04897000,TP557,BOCAUE EXIT-SAPANG PALAY_2.2_TP557
BUS,BOCAUE EXIT-SAPANG PALAY_2.2,14.84861000,121.04901000,TP558,BOCAUE EXIT-SAPANG PALAY_2.2_TP558
BUS,BOCAUE EXIT-SAPANG PALAY_2.2,14.84873000,121.04923000,TP559,BOCAUE EXIT-SAPANG PALAY_2.2_TP559
BUS,BOCAUE EXIT-SAPANG PALAY_2.2,14.84886000,121.04950000,TP560,BOCAUE EXIT-SAPANG PALAY_2.2_TP560
BUS,BOCAUE EXIT-SAPANG PALAY_2.2,14.84895000,121.04975000,TP561,BOCAUE EXIT-SAPANG PALAY_2.2_TP561
BUS,BOCAUE EXIT-SAPANG PALAY_2.2,14.84897000,121.04993000,TP562,BOCAUE EXIT-SAPANG PALAY_2.2_TP562
BUS,BOCAUE EXIT-SAPANG PALAY_2.2,14.84899000,121.05005000,TP563,BOCAUE EXIT-SAPANG PALAY_2.2_TP563
BUS,BOCAUE EXIT-SAPANG PALAY_2.2,14.84900000,121.05014000,TP564,BOCAUE EXIT-SAPANG PALAY_2.2_TP564
BUS,BOCAUE EXIT-SAPANG PALAY_2.2,14.84902000,121.05024000,TP565,BOCAUE EXIT-SAPANG PALAY_2.2_TP565
BUS,BOCAUE EXIT-SAPANG PALAY_2.2,14.84910000,121.05051000,TP566,BOCAUE EXIT-SAPANG PALAY_2.2_TP566
BUS,BOCAUE EXIT-SAPANG PALAY_2.2,14.84922000,121.05081000,TP567,BOCAUE EXIT-SAPANG PALAY_2.2_TP567
BUS,BOCAUE EXIT-SAPANG PALAY_2.2,14.84926000,121.05090000,TP568,BOCAUE EXIT-SAPANG PALAY_2.2_TP568
BUS,BOCAUE EXIT-SAPANG PALAY_2.2,14.84931000,121.05097000,TP569,BOCAUE EXIT-SAPANG PALAY_2.2_TP569
BUS,BOCAUE EXIT-SAPANG PALAY_2.2,14.84934000,121.05100000,TP570,BOCAUE EXIT-SAPANG PALAY_2.2_TP570
BUS,BOCAUE EXIT-SAPANG PALAY_2.2,14.84942000,121.05112000,TP571,BOCAUE EXIT-SAPANG PALAY_2.2_TP571
BUS,BOCAUE EXIT-SAPANG PALAY_2.2,14.84946000,121.05119000,TP572,BOCAUE EXIT-SAPANG PALAY_2.2_TP572
BUS,BOCAUE EXIT-SAPANG PALAY_2.2,14.84961000,121.05132000,TP573,BOCAUE EXIT-SAPANG PALAY_2.2_TP573
BUS,BOCAUE EXIT-SAPANG PALAY_2.2,14.84982000,121.05155000,TP574,BOCAUE EXIT-SAPANG PALAY_2.2_TP574
BUS,BOCAUE EXIT-SAPANG PALAY_2.2,14.84998000,121.05169000,TP575,BOCAUE EXIT-SAPANG PALAY_2.2_TP575
BUS,BOCAUE EXIT-SAPANG PALAY_2.2,14.85015000,121.05184000,TP576,BOCAUE EXIT-SAPANG PALAY_2.2_TP576
BUS,BOCAUE EXIT-SAPANG PALAY_2.2,14.85030000,121.05199000,TP577,BOCAUE EXIT-SAPANG PALAY_2.2_TP577
BUS,BOCAUE EXIT-SAPANG PALAY_2.2,14.85046000,121.05217000,TP578,BOCAUE EXIT-SAPANG PALAY_2.2_TP578
BUS,BOCAUE EXIT-SAPANG PALAY_2.2,14.85060000,121.05235000,TP579,BOCAUE EXIT-SAPANG PALAY_2.2_TP579
BUS,BOCAUE EXIT-SAPANG PALAY_2.2,14.85074000,121.05256000,TP580,BOCAUE EXIT-SAPANG PALAY_2.2_TP580
BUS,BOCAUE EXIT-SAPANG PALAY_2.2,14.85100000,121.05293000,TP581,BOCAUE EXIT-SAPANG PALAY_2.2_TP581
BUS,BOCAUE EXIT-SAPANG PALAY_2.2,14.85113000,121.05308000,TP582,BOCAUE EXIT-SAPANG PALAY_2.2_TP582
BUS,BOCAUE EXIT-SAPANG PALAY_2.2,14.85122000,121.05318000,TP583,BOCAUE EXIT-SAPANG PALAY_2.2_TP583
BUS,BOCAUE EXIT-SAPANG PALAY_2.2,14.85135000,121.05328000,TP584,BOCAUE EXIT-SAPANG PALAY_2.2_TP584
BUS,BOCAUE EXIT-SAPANG PALAY_2.2,14.85150000,121.05338000,TP585,BOCAUE EXIT-SAPANG PALAY_2.2_TP585
BUS,BOCAUE EXIT-SAPANG PALAY_2.2,14.85217000,121.05372000,TP586,BOCAUE EXIT-SAPANG PALAY_2.2_TP586
BUS,BOCAUE EXIT-SAPANG PALAY_2.2,14.85253000,121.05390000,TP587,BOCAUE EXIT-SAPANG PALAY_2.2_TP587
BUS,BOCAUE EXIT-SAPANG PALAY_2.2,14.85268000,121.05397000,TP588,BOCAUE EXIT-SAPANG PALAY_2.2_TP588
BUS,BOCAUE EXIT-SAPANG PALAY_2.2,14.85313000,121.05421000,TP589,BOCAUE EXIT-SAPANG PALAY_2.2_TP589
BUS,BOCAUE EXIT-SAPANG PALAY_2.2,14.85328000,121.05430000,TP590,BOCAUE EXIT-SAPANG PALAY_2.2_TP590
BUS,BOCAUE EXIT-SAPANG PALAY_2.2,14.85338000,121.05437000,TP591,BOCAUE EXIT-SAPANG PALAY_2.2_TP591
BUS,BOCAUE EXIT-SAPANG PALAY_2.2,14.85351000,121.05446000,TP592,BOCAUE EXIT-SAPANG PALAY_2.2_TP592
BUS,BOCAUE EXIT-SAPANG PALAY_2.2,14.85361000,121.05455000,TP593,BOCAUE EXIT-SAPANG PALAY_2.2_TP593
BUS,BOCAUE EXIT-SAPANG PALAY_2.2,14.85379000,121.05472000,TP594,BOCAUE EXIT-SAPANG PALAY_2.2_TP594
BUS,BOCAUE EXIT-SAPANG PALAY_2.2,14.85388000,121.05484000,TP595,BOCAUE EXIT-SAPANG PALAY_2.2_TP595
BUS,BOCAUE EXIT-SAPANG PALAY_2.2,14.85397000,121.05493000,TP596,BOCAUE EXIT-SAPANG PALAY_2.2_TP596
BUS,BOCAUE EXIT-SAPANG PALAY_2.2,14.85400000,121.05496000,TP597,BOCAUE EXIT-SAPANG PALAY_2.2_TP597
BUS,BOCAUE EXIT-SAPANG PALAY_2.2,14.85420000,121.05519000,TP598,BOCAUE EXIT-SAPANG PALAY_2.2_TP598
BUS,BOCAUE EXIT-SAPANG PALAY_2.2,14.85434000,121.05538000,TP599,BOCAUE EXIT-SAPANG PALAY_2.2_TP599
BUS,BOCAUE EXIT-SAPANG PALAY_2.2,14.85447000,121.05546000,TP600,BOCAUE EXIT-SAPANG PALAY_2.2_TP600
BUS,BOCAUE EXIT-SAPANG PALAY_2.2,14.85447180,121.05546380,TP601,BOCAUE EXIT-SAPANG PALAY_2.2_TP601
BUS,BOCAUE EXIT-SAPANG PALAY_2.2,14.85442000,121.05565000,TP602,BOCAUE EXIT-SAPANG PALAY_2.2_TP602
BUS,BOCAUE EXIT-SAPANG PALAY_2.2,14.85438000,121.05582000,TP603,BOCAUE EXIT-SAPANG PALAY_2.2_TP603
BUS,BOCAUE EXIT-SAPANG PALAY_2.2,14.85436000,121.05597000,TP604,BOCAUE EXIT-SAPANG PALAY_2.2_TP604
BUS,BOCAUE EXIT-SAPANG PALAY_2.2,14.85436000,121.05598000,TP605,BOCAUE EXIT-SAPANG PALAY_2.2_TP605
BUS,BOCAUE EXIT-SAPANG PALAY_2.2,14.85432000,121.05617000,TP606,BOCAUE EXIT-SAPANG PALAY_2.2_TP606
BUS,BOCAUE EXIT-SAPANG PALAY_2.2,14.85431000,121.05635000,TP607,BOCAUE EXIT-SAPANG PALAY_2.2_TP607
BUS,BOCAUE EXIT-SAPANG PALAY_2.2,14.85428000,121.05655000,TP608,BOCAUE EXIT-SAPANG PALAY_2.2_TP608
BUS,BOCAUE EXIT-SAPANG PALAY_2.2,14.85424000,121.05672000,TP609,BOCAUE EXIT-SAPANG PALAY_2.2_TP609
BUS,BOCAUE EXIT-SAPANG PALAY_2.2,14.85418000,121.05684000,TP610,BOCAUE EXIT-SAPANG PALAY_2.2_TP610
BUS,BOCAUE EXIT-SAPANG PALAY_2.2,14.85413000,121.05694000,TP611,BOCAUE EXIT-SAPANG PALAY_2.2_TP611
BUS,BOCAUE EXIT-SAPANG PALAY_2.2,14.85404000,121.05708000,TP612,BOCAUE EXIT-SAPANG PALAY_2.2_TP612
BUS,BOCAUE EXIT-SAPANG PALAY_2.2,14.85391000,121.05723000,TP613,BOCAUE EXIT-SAPANG PALAY_2.2_TP613
BUS,BOCAUE EXIT-SAPANG PALAY_2.2,14.85379000,121.05738000,TP614,BOCAUE EXIT-SAPANG PALAY_2.2_TP614
BUS,BOCAUE EXIT-SAPANG PALAY_2.2,14.85367000,121.05751000,TP615,BOCAUE EXIT-SAPANG PALAY_2.2_TP615
BUS,BOCAUE EXIT-SAPANG PALAY_2.2,14.85355000,121.05765000,TP616,BOCAUE EXIT-SAPANG PALAY_2.2_TP616
BUS,BOCAUE EXIT-SAPANG PALAY_2.2,14.85353000,121.05767000,TP617,BOCAUE EXIT-SAPANG PALAY_2.2_TP617
BUS,BOCAUE EXIT-SAPANG PALAY_2.2,14.85337000,121.05781000,TP618,BOCAUE EXIT-SAPANG PALAY_2.2_TP618
BUS,BOCAUE EXIT-SAPANG PALAY_2.2,14.85337030,121.05780780,TP619,BOCAUE EXIT-SAPANG PALAY_2.2_TP619
BUS,BOCAUE EXIT-SAPANG PALAY_2.2,14.85345000,121.05787000,TP620,BOCAUE EXIT-SAPANG PALAY_2.2_TP620
BUS,BOCAUE EXIT-SAPANG PALAY_2.2,14.85364000,121.05797000,TP621,BOCAUE EXIT-SAPANG PALAY_2.2_TP621
BUS,BOCAUE EXIT-SAPANG PALAY_2.2,14.85384000,121.05805000,TP622,BOCAUE EXIT-SAPANG PALAY_2.2_TP622
BUS,BOCAUE EXIT-SAPANG PALAY_2.2,14.85432000,121.05827000,TP623,BOCAUE EXIT-SAPANG PALAY_2.2_TP623
BUS,BOCAUE EXIT-SAPANG PALAY_2.2,14.85471000,121.05845000,TP624,BOCAUE EXIT-SAPANG PALAY_2.2_TP624
BUS,BOCAUE EXIT-SAPANG PALAY_2.2,14.85528000,121.05873000,TP625,BOCAUE EXIT-SAPANG PALAY_2.2_TP625
BUS,BOCAUE EXIT-SAPANG PALAY_2.2,14.85538000,121.05873000,TP626,BOCAUE EXIT-SAPANG PALAY_2.2_TP626
BUS,BOCAUE EXIT-SAPANG PALAY_2.2,14.85547000,121.05873000,TP627,BOCAUE EXIT-SAPANG PALAY_2.2_TP627
BUS,BOCAUE EXIT-SAPANG PALAY_2.2,14.85559000,121.05871000,TP628,BOCAUE EXIT-SAPANG PALAY_2.2_TP628
BUS,BOCAUE EXIT-SAPANG PALAY_2.2,14.85577000,121.05867000,TP629,BOCAUE EXIT-SAPANG PALAY_2.2_TP629
BUS,BOCAUE EXIT-SAPANG PALAY_2.2,14.85605000,121.05855000,TP630,BOCAUE EXIT-SAPANG PALAY_2.2_TP630
BUS,BOCAUE EXIT-SAPANG PALAY_2.2,14.85629000,121.05846000,TP631,BOCAUE EXIT-SAPANG PALAY_2.2_TP631
BUS,BOCAUE EXIT-SAPANG PALAY_2.2,14.85639000,121.05842000,TP632,BOCAUE EXIT-SAPANG PALAY_2.2_TP632
BUS,BOCAUE EXIT-SAPANG PALAY_2.2,14.85667000,121.05830000,TP633,BOCAUE EXIT-SAPANG PALAY_2.2_TP633
BUS,BOCAUE EXIT-SAPANG PALAY_2.2,14.85684000,121.05821000,TP634,BOCAUE EXIT-SAPANG PALAY_2.2_TP634
BUS,BOCAUE EXIT-SAPANG PALAY_2.2,14.85693000,121.05814000,TP635,BOCAUE EXIT-SAPANG PALAY_2.2_TP635
BUS,BOCAUE EXIT-SAPANG PALAY_2.2,14.85701000,121.05809000,TP636,BOCAUE EXIT-SAPANG PALAY_2.2_TP636
BUS,BOCAUE EXIT-SAPANG PALAY_2.2,14.85707000,121.05802000,TP637,BOCAUE EXIT-SAPANG PALAY_2.2_TP637
BUS,BOCAUE EXIT-SAPANG PALAY_2.2,14.85715000,121.05796000,TP638,BOCAUE EXIT-SAPANG PALAY_2.2_TP638
BUS,BOCAUE EXIT-SAPANG PALAY_2.2,14.85721000,121.05790000,TP639,BOCAUE EXIT-SAPANG PALAY_2.2_TP639
BUS,BOCAUE EXIT-SAPANG PALAY_2.2,14.85734000,121.05777000,TP640,BOCAUE EXIT-SAPANG PALAY_2.2_TP640
BUS,BOCAUE EXIT-SAPANG PALAY_2.2,14.85733820,121.05777190,TP641,BOCAUE EXIT-SAPANG PALAY_2.2_TP641
BUS,BOCAUE EXIT-SAPANG PALAY_2.2,14.85764000,121.05798000,TP642,BOCAUE EXIT-SAPANG PALAY_2.2_TP642
BUS,BOCAUE EXIT-SAPANG PALAY_2.2,14.85779000,121.05808000,TP643,BOCAUE EXIT-SAPANG PALAY_2.2_TP643
BUS,BOCAUE EXIT-SAPANG PALAY_2.2,14.85787000,121.05814000,TP644,BOCAUE EXIT-SAPANG PALAY_2.2_TP644
BUS,BOCAUE EXIT-SAPANG PALAY_2.2,14.85787320,121.05813790,TP645,BOCAUE EXIT-SAPANG PALAY_2.2_TP645
BUS,BOCAUE EXIT-SAPANG PALAY_2.2,14.85780000,121.05826000,TP646,BOCAUE EXIT-SAPANG PALAY_2.2_TP646
BUS,BOCAUE EXIT-SAPANG PALAY_2.2,14.85779760,121.05826060,TP647,BOCAUE EXIT-SAPANG PALAY_2.2_TP647
